종목코드,종목명,날짜,시간,시가,고가,저가,종가,전일대비,거래량,거래대금,누적체결매도수량,누적체결매수수량,상장주식수,시가총액,외국인주문한도수량,외국인주문가능수량,외국인현보유수량,외국인현보유비율,수정주가일자,수정주가비율,기관순매수량,기관누적순매수량,등락주선,등락비율,예탁금,주식회전율
A000800,경남기업,20210611,1235,10950.0,10950.0,10950.0,10950.0,0.0,18.0,197000.0,0.0,0.0,0.0,0.0,0.0,0.0,0.0,0.0,0,0.0,0.0,0.0,0.0,0.0,0.0,0.0
A000800,경남기업,20210614,1527,10000.0,10000.0,10000.0,10000.0,0.0,50.0,500000.0,0.0,0.0,0.0,0.0,0.0,0.0,0.0,0.0,0,0.0,0.0,0.0,0.0,0.0,0.0,0.0
A000800,경남기업,20210614,1259,10000.0,10050.0,10000.0,10050.0,0.0,29.0,290000.0,0.0,0.0,0.0,0.0,0.0,0.0,0.0,0.0,0,0.0,0.0,0.0,0.0,0.0,0.0,0.0
A000800,경남기업,20210614,1246,10000.0,10000.0,10000.0,10000.0,0.0,8.0,80000.0,0.0,0.0,0.0,0.0,0.0,0.0,0.0,0.0,0,0.0,0.0,0.0,0.0,0.0,0.0,0.0
A000800,경남기업,20210614,1243,10000.0,10000.0,10000.0,10000.0,0.0,35.0,350000.0,0.0,0.0,0.0,0.0,0.0,0.0,0.0,0.0,0,0.0,0.0,0.0,0.0,0.0,0.0,0.0
A000800,경남기업,20210614,1221,10950.0,10950.0,10000.0,10000.0,0.0,2.0,21000.0,0.0,0.0,0.0,0.0,0.0,0.0,0.0,0.0,0,0.0,0.0,0.0,0.0,0.0,0.0,0.0
A000800,경남기업,20210614,1203,10950.0,10950.0,10950.0,10950.0,0.0,11.0,120000.0,0.0,0.0,0.0,0.0,0.0,0.0,0.0,0.0,0,0.0,0.0,0.0,0.0,0.0,0.0,0.0
A000800,경남기업,20210614,1111,10950.0,10950.0,10950.0,10950.0,0.0,19.0,209000.0,0.0,0.0,0.0,0.0,0.0,0.0,0.0,0.0,0,0.0,0.0,0.0,0.0,0.0,0.0,0.0
A000800,경남기업,20210614,1019,10950.0,10950.0,10950.0,10950.0,0.0,1.0,10000.0,0.0,0.0,0.0,0.0,0.0,0.0,0.0,0.0,0,0.0,0.0,0.0,0.0,0.0,0.0,0.0
A000800,경남기업,20210616,1424,10950.0,10950.0,10700.0,10850.0,0.0,14.0,152000.0,0.0,0.0,0.0,0.0,0.0,0.0,0.0,0.0,0,0.0,0.0,0.0,0.0,0.0,0.0,0.0
A000800,경남기업,20210615,1346,10400.0,10400.0,10400.0,10400.0,0.0,2.0,20000.0,0.0,0.0,0.0,0.0,0.0,0.0,0.0,0.0,0,0.0,0.0,0.0,0.0,0.0,0.0,0.0
A000800,경남기업,20210618,1152,11000.0,11000.0,11000.0,11000.0,0.0,8.0,88000.0,0.0,0.0,0.0,0.0,0.0,0.0,0.0,0.0,0,0.0,0.0,0.0,0.0,0.0,0.0,0.0
A000800,경남기업,20210618,1016,11050.0,11050.0,11050.0,11050.0,0.0,36.0,397000.0,0.0,0.0,0.0,0.0,0.0,0.0,0.0,0.0,0,0.0,0.0,0.0,0.0,0.0,0.0,0.0
A000800,경남기업,20210617,1323,10800.0,10800.0,10800.0,10800.0,0.0,11.0,118000.0,0.0,0.0,0.0,0.0,0.0,0.0,0.0,0.0,0,0.0,0.0,0.0,0.0,0.0,0.0,0.0
A000800,경남기업,20210622,1435,10900.0,10900.0,10900.0,10900.0,0.0,7.0,76000.0,0.0,0.0,0.0,0.0,0.0,0.0,0.0,0.0,0,0.0,0.0,0.0,0.0,0.0,0.0,0.0
A000800,경남기업,20210622,1329,10900.0,10900.0,10900.0,10900.0,0.0,2.0,22000.0,0.0,0.0,0.0,0.0,0.0,0.0,0.0,0.0,0,0.0,0.0,0.0,0.0,0.0,0.0,0.0
A000800,경남기업,20210622,1327,10500.0,10500.0,10500.0,10500.0,0.0,1.0,11000.0,0.0,0.0,0.0,0.0,0.0,0.0,0.0,0.0,0,0.0,0.0,0.0,0.0,0.0,0.0,0.0
A000800,경남기업,20210622,1135,10900.0,10900.0,10900.0,10900.0,0.0,11.0,119000.0,0.0,0.0,0.0,0.0,0.0,0.0,0.0,0.0,0,0.0,0.0,0.0,0.0,0.0,0.0,0.0
A000800,경남기업,20210621,1504,10950.0,10950.0,10950.0,10950.0,0.0,22.0,240000.0,0.0,0.0,0.0,0.0,0.0,0.0,0.0,0.0,0,0.0,0.0,0.0,0.0,0.0,0.0,0.0
A000800,경남기업,20210623,1337,11000.0,11000.0,11000.0,11000.0,0.0,4.0,44000.0,0.0,0.0,0.0,0.0,0.0,0.0,0.0,0.0,0,0.0,0.0,0.0,0.0,0.0,0.0,0.0
A000800,경남기업,20210623,926,11000.0,11000.0,11000.0,11000.0,0.0,7.0,77000.0,0.0,0.0,0.0,0.0,0.0,0.0,0.0,0.0,0,0.0,0.0,0.0,0.0,0.0,0.0,0.0
A000800,경남기업,20210625,1359,11000.0,11000.0,11000.0,11000.0,0.0,9.0,99000.0,0.0,0.0,0.0,0.0,0.0,0.0,0.0,0.0,0,0.0,0.0,0.0,0.0,0.0,0.0,0.0
A000800,경남기업,20210625,1208,11000.0,11000.0,11000.0,11000.0,0.0,19.0,209000.0,0.0,0.0,0.0,0.0,0.0,0.0,0.0,0.0,0,0.0,0.0,0.0,0.0,0.0,0.0,0.0
A000800,경남기업,20210628,1031,11000.0,11000.0,11000.0,11000.0,0.0,19.0,209000.0,0.0,0.0,0.0,0.0,0.0,0.0,0.0,0.0,0,0.0,0.0,0.0,0.0,0.0,0.0,0.0
A000800,경남기업,20210630,943,11000.0,11000.0,11000.0,11000.0,0.0,1.0,11000.0,0.0,0.0,0.0,0.0,0.0,0.0,0.0,0.0,0,0.0,0.0,0.0,0.0,0.0,0.0,0.0
A000800,경남기업,20210629,937,11000.0,11000.0,11000.0,11000.0,0.0,17.0,187000.0,0.0,0.0,0.0,0.0,0.0,0.0,0.0,0.0,0,0.0,0.0,0.0,0.0,0.0,0.0,0.0
A000800,경남기업,20210702,1512,11000.0,11000.0,11000.0,11000.0,0.0,5.0,55000.0,0.0,0.0,0.0,0.0,0.0,0.0,0.0,0.0,0,0.0,0.0,0.0,0.0,0.0,0.0,0.0
A000800,경남기업,20210702,1500,10950.0,10950.0,10950.0,10950.0,0.0,1.0,11000.0,0.0,0.0,0.0,0.0,0.0,0.0,0.0,0.0,0,0.0,0.0,0.0,0.0,0.0,0.0,0.0
A000800,경남기업,20210702,1451,10050.0,10050.0,10050.0,10050.0,0.0,1.0,10000.0,0.0,0.0,0.0,0.0,0.0,0.0,0.0,0.0,0,0.0,0.0,0.0,0.0,0.0,0.0,0.0
A000800,경남기업,20210706,1357,14300.0,14300.0,14300.0,14300.0,0.0,5.0,72000.0,0.0,0.0,0.0,0.0,0.0,0.0,0.0,0.0,0,0.0,0.0,0.0,0.0,0.0,0.0,0.0
A000800,경남기업,20210706,1146,14300.0,14300.0,14300.0,14300.0,0.0,21.0,300000.0,0.0,0.0,0.0,0.0,0.0,0.0,0.0,0.0,0,0.0,0.0,0.0,0.0,0.0,0.0,0.0
A000800,경남기업,20210706,1131,14300.0,14300.0,14300.0,14300.0,0.0,1.0,14000.0,0.0,0.0,0.0,0.0,0.0,0.0,0.0,0.0,0,0.0,0.0,0.0,0.0,0.0,0.0,0.0
A000800,경남기업,20210706,1118,14300.0,14300.0,14300.0,14300.0,0.0,1.0,14000.0,0.0,0.0,0.0,0.0,0.0,0.0,0.0,0.0,0,0.0,0.0,0.0,0.0,0.0,0.0,0.0
A000800,경남기업,20210706,1038,11000.0,11000.0,11000.0,11000.0,0.0,768.0,8448000.0,0.0,0.0,0.0,0.0,0.0,0.0,0.0,0.0,0,0.0,0.0,0.0,0.0,0.0,0.0,0.0
A000800,경남기업,20210706,1026,11000.0,11000.0,11000.0,11000.0,0.0,1.0,11000.0,0.0,0.0,0.0,0.0,0.0,0.0,0.0,0.0,0,0.0,0.0,0.0,0.0,0.0,0.0,0.0
A000800,경남기업,20210705,1058,11000.0,11000.0,11000.0,11000.0,0.0,34.0,374000.0,0.0,0.0,0.0,0.0,0.0,0.0,0.0,0.0,0,0.0,0.0,0.0,0.0,0.0,0.0,0.0
A000800,경남기업,20210708,1527,11950.0,11950.0,11950.0,11950.0,0.0,3.0,36000.0,0.0,0.0,0.0,0.0,0.0,0.0,0.0,0.0,0,0.0,0.0,0.0,0.0,0.0,0.0,0.0
A000800,경남기업,20210708,1506,11950.0,11950.0,11950.0,11950.0,0.0,7.0,83000.0,0.0,0.0,0.0,0.0,0.0,0.0,0.0,0.0,0,0.0,0.0,0.0,0.0,0.0,0.0,0.0
A000800,경남기업,20210708,921,13000.0,13000.0,13000.0,13000.0,0.0,10.0,130000.0,0.0,0.0,0.0,0.0,0.0,0.0,0.0,0.0,0,0.0,0.0,0.0,0.0,0.0,0.0,0.0
A000800,경남기업,20210708,905,13000.0,13000.0,13000.0,13000.0,0.0,5.0,65000.0,0.0,0.0,0.0,0.0,0.0,0.0,0.0,0.0,0,0.0,0.0,0.0,0.0,0.0,0.0,0.0
A000800,경남기업,20210707,1413,11000.0,11000.0,11000.0,11000.0,0.0,17.0,187000.0,0.0,0.0,0.0,0.0,0.0,0.0,0.0,0.0,0,0.0,0.0,0.0,0.0,0.0,0.0,0.0
A000800,경남기업,20210707,1412,11000.0,11000.0,11000.0,11000.0,0.0,20.0,220000.0,0.0,0.0,0.0,0.0,0.0,0.0,0.0,0.0,0,0.0,0.0,0.0,0.0,0.0,0.0,0.0
A000800,경남기업,20210707,1258,14450.0,14450.0,14450.0,14450.0,0.0,37.0,534000.0,0.0,0.0,0.0,0.0,0.0,0.0,0.0,0.0,0,0.0,0.0,0.0,0.0,0.0,0.0,0.0
A000800,경남기업,20210707,1156,14450.0,14450.0,14450.0,14450.0,0.0,4.0,58000.0,0.0,0.0,0.0,0.0,0.0,0.0,0.0,0.0,0,0.0,0.0,0.0,0.0,0.0,0.0,0.0
A000800,경남기업,20210707,1044,14450.0,14450.0,14450.0,14450.0,0.0,8.0,116000.0,0.0,0.0,0.0,0.0,0.0,0.0,0.0,0.0,0,0.0,0.0,0.0,0.0,0.0,0.0,0.0
A000800,경남기업,20210707,1038,14450.0,14450.0,14450.0,14450.0,0.0,2.0,28000.0,0.0,0.0,0.0,0.0,0.0,0.0,0.0,0.0,0,0.0,0.0,0.0,0.0,0.0,0.0,0.0
A000800,경남기업,20210712,1419,11950.0,11950.0,11950.0,11950.0,0.0,1.0,11000.0,0.0,0.0,0.0,0.0,0.0,0.0,0.0,0.0,0,0.0,0.0,0.0,0.0,0.0,0.0,0.0
A000800,경남기업,20210714,1211,10000.0,10000.0,10000.0,10000.0,0.0,21.0,210000.0,0.0,0.0,0.0,0.0,0.0,0.0,0.0,0.0,0,0.0,0.0,0.0,0.0,0.0,0.0,0.0
A000800,경남기업,20210713,1107,10000.0,10000.0,10000.0,10000.0,0.0,147.0,1470000.0,0.0,0.0,0.0,0.0,0.0,0.0,0.0,0.0,0,0.0,0.0,0.0,0.0,0.0,0.0,0.0
A000800,경남기업,20210713,1105,10000.0,10000.0,10000.0,10000.0,0.0,3.0,30000.0,0.0,0.0,0.0,0.0,0.0,0.0,0.0,0.0,0,0.0,0.0,0.0,0.0,0.0,0.0,0.0
A000800,경남기업,20210713,1102,10000.0,10000.0,10000.0,10000.0,0.0,50.0,500000.0,0.0,0.0,0.0,0.0,0.0,0.0,0.0,0.0,0,0.0,0.0,0.0,0.0,0.0,0.0,0.0
A000800,경남기업,20210713,1041,10000.0,10000.0,10000.0,10000.0,0.0,6.0,60000.0,0.0,0.0,0.0,0.0,0.0,0.0,0.0,0.0,0,0.0,0.0,0.0,0.0,0.0,0.0,0.0
A000800,경남기업,20210713,1040,10000.0,10000.0,10000.0,10000.0,0.0,45.0,450000.0,0.0,0.0,0.0,0.0,0.0,0.0,0.0,0.0,0,0.0,0.0,0.0,0.0,0.0,0.0,0.0
A000800,경남기업,20210713,1039,10000.0,10000.0,10000.0,10000.0,0.0,16.0,160000.0,0.0,0.0,0.0,0.0,0.0,0.0,0.0,0.0,0,0.0,0.0,0.0,0.0,0.0,0.0,0.0
A000800,경남기업,20210713,1036,10000.0,10000.0,10000.0,10000.0,0.0,22.0,220000.0,0.0,0.0,0.0,0.0,0.0,0.0,0.0,0.0,0,0.0,0.0,0.0,0.0,0.0,0.0,0.0
A000800,경남기업,20210713,1025,10000.0,10000.0,10000.0,10000.0,0.0,19.0,190000.0,0.0,0.0,0.0,0.0,0.0,0.0,0.0,0.0,0,0.0,0.0,0.0,0.0,0.0,0.0,0.0
A000800,경남기업,20210720,1515,10100.0,10100.0,10100.0,10100.0,0.0,1.0,10000.0,0.0,0.0,0.0,0.0,0.0,0.0,0.0,0.0,0,0.0,0.0,0.0,0.0,0.0,0.0,0.0
A000800,경남기업,20210720,1512,13000.0,13000.0,13000.0,13000.0,0.0,1.0,13000.0,0.0,0.0,0.0,0.0,0.0,0.0,0.0,0.0,0,0.0,0.0,0.0,0.0,0.0,0.0,0.0
A000800,경남기업,20210721,1525,10900.0,10900.0,10900.0,10900.0,0.0,11.0,120000.0,0.0,0.0,0.0,0.0,0.0,0.0,0.0,0.0,0,0.0,0.0,0.0,0.0,0.0,0.0,0.0
A000800,경남기업,20210721,1524,10850.0,10850.0,10850.0,10850.0,0.0,1.0,10000.0,0.0,0.0,0.0,0.0,0.0,0.0,0.0,0.0,0,0.0,0.0,0.0,0.0,0.0,0.0,0.0
A000800,경남기업,20210721,1341,11000.0,11000.0,11000.0,11000.0,0.0,1.0,11000.0,0.0,0.0,0.0,0.0,0.0,0.0,0.0,0.0,0,0.0,0.0,0.0,0.0,0.0,0.0,0.0
A000800,경남기업,20210728,1217,10100.0,10100.0,10050.0,10050.0,0.0,29.0,291000.0,0.0,0.0,0.0,0.0,0.0,0.0,0.0,0.0,0,0.0,0.0,0.0,0.0,0.0,0.0,0.0
A000800,경남기업,20210728,1101,14150.0,14150.0,14150.0,14150.0,0.0,1.0,14000.0,0.0,0.0,0.0,0.0,0.0,0.0,0.0,0.0,0,0.0,0.0,0.0,0.0,0.0,0.0,0.0
A000800,경남기업,20210730,942,11300.0,11300.0,11300.0,11300.0,0.0,6.0,67000.0,0.0,0.0,0.0,0.0,0.0,0.0,0.0,0.0,0,0.0,0.0,0.0,0.0,0.0,0.0,0.0
A000800,경남기업,20210730,921,11350.0,11350.0,11350.0,11350.0,0.0,3.0,34000.0,0.0,0.0,0.0,0.0,0.0,0.0,0.0,0.0,0,0.0,0.0,0.0,0.0,0.0,0.0,0.0
A000800,경남기업,20210729,1517,10550.0,10550.0,10550.0,10550.0,0.0,5.0,52000.0,0.0,0.0,0.0,0.0,0.0,0.0,0.0,0.0,0,0.0,0.0,0.0,0.0,0.0,0.0,0.0
A000800,경남기업,20210729,1249,12000.0,12000.0,12000.0,12000.0,0.0,6.0,72000.0,0.0,0.0,0.0,0.0,0.0,0.0,0.0,0.0,0,0.0,0.0,0.0,0.0,0.0,0.0,0.0
A000800,경남기업,20210803,1428,10900.0,10900.0,10900.0,10900.0,0.0,31.0,338000.0,0.0,0.0,0.0,0.0,0.0,0.0,0.0,0.0,0,0.0,0.0,0.0,0.0,0.0,0.0,0.0
A000800,경남기업,20210803,958,9930.0,9930.0,9930.0,9930.0,0.0,1.0,9000.0,0.0,0.0,0.0,0.0,0.0,0.0,0.0,0.0,0,0.0,0.0,0.0,0.0,0.0,0.0,0.0
A000800,경남기업,20210802,1129,10800.0,10800.0,10800.0,10800.0,0.0,4.0,43000.0,0.0,0.0,0.0,0.0,0.0,0.0,0.0,0.0,0,0.0,0.0,0.0,0.0,0.0,0.0,0.0
A000800,경남기업,20210802,1128,10100.0,10100.0,10100.0,10100.0,0.0,1.0,10000.0,0.0,0.0,0.0,0.0,0.0,0.0,0.0,0.0,0,0.0,0.0,0.0,0.0,0.0,0.0,0.0
A000800,경남기업,20210802,947,11150.0,11150.0,11150.0,11150.0,0.0,10.0,111000.0,0.0,0.0,0.0,0.0,0.0,0.0,0.0,0.0,0,0.0,0.0,0.0,0.0,0.0,0.0,0.0
A000800,경남기업,20210802,946,11200.0,11200.0,11200.0,11200.0,0.0,1.0,12000.0,0.0,0.0,0.0,0.0,0.0,0.0,0.0,0.0,0,0.0,0.0,0.0,0.0,0.0,0.0,0.0
A000800,경남기업,20210802,938,9220.0,9220.0,9220.0,9220.0,0.0,21.0,193000.0,0.0,0.0,0.0,0.0,0.0,0.0,0.0,0.0,0,0.0,0.0,0.0,0.0,0.0,0.0,0.0
A000800,경남기업,20210802,937,9220.0,9220.0,9220.0,9220.0,0.0,11.0,102000.0,0.0,0.0,0.0,0.0,0.0,0.0,0.0,0.0,0,0.0,0.0,0.0,0.0,0.0,0.0,0.0
A000800,경남기업,20210802,936,11200.0,11250.0,11200.0,11250.0,0.0,4.0,44000.0,0.0,0.0,0.0,0.0,0.0,0.0,0.0,0.0,0,0.0,0.0,0.0,0.0,0.0,0.0,0.0
A000800,경남기업,20210805,923,11000.0,11000.0,10850.0,10950.0,0.0,5.0,54000.0,0.0,0.0,0.0,0.0,0.0,0.0,0.0,0.0,0,0.0,0.0,0.0,0.0,0.0,0.0,0.0
A000800,경남기업,20210805,922,11000.0,11000.0,11000.0,11000.0,0.0,20.0,220000.0,0.0,0.0,0.0,0.0,0.0,0.0,0.0,0.0,0,0.0,0.0,0.0,0.0,0.0,0.0,0.0
A000800,경남기업,20210806,1346,14300.0,14300.0,14300.0,14300.0,0.0,1.0,15000.0,0.0,0.0,0.0,0.0,0.0,0.0,0.0,0.0,0,0.0,0.0,0.0,0.0,0.0,0.0,0.0
A000800,경남기업,20210806,1343,14300.0,14300.0,14100.0,14100.0,0.0,55.0,779000.0,0.0,0.0,0.0,0.0,0.0,0.0,0.0,0.0,0,0.0,0.0,0.0,0.0,0.0,0.0,0.0
A000800,경남기업,20210806,1341,12000.0,12000.0,12000.0,12000.0,0.0,1.0,12000.0,0.0,0.0,0.0,0.0,0.0,0.0,0.0,0.0,0,0.0,0.0,0.0,0.0,0.0,0.0,0.0
A000800,경남기업,20210806,1018,12000.0,12000.0,12000.0,12000.0,0.0,1.0,12000.0,0.0,0.0,0.0,0.0,0.0,0.0,0.0,0.0,0,0.0,0.0,0.0,0.0,0.0,0.0,0.0
A000800,경남기업,20210806,922,11000.0,11000.0,11000.0,11000.0,0.0,1.0,11000.0,0.0,0.0,0.0,0.0,0.0,0.0,0.0,0.0,0,0.0,0.0,0.0,0.0,0.0,0.0,0.0
A000800,경남기업,20210809,948,18250.0,18250.0,18250.0,18250.0,0.0,1.0,18000.0,0.0,0.0,0.0,0.0,0.0,0.0,0.0,0.0,0,0.0,0.0,0.0,0.0,0.0,0.0,0.0
A000800,경남기업,20210811,1357,13950.0,13950.0,13950.0,13950.0,0.0,5.0,70000.0,0.0,0.0,0.0,0.0,0.0,0.0,0.0,0.0,0,0.0,0.0,0.0,0.0,0.0,0.0,0.0
A000800,경남기업,20210811,1112,13950.0,13950.0,13950.0,13950.0,0.0,100.0,1395000.0,0.0,0.0,0.0,0.0,0.0,0.0,0.0,0.0,0,0.0,0.0,0.0,0.0,0.0,0.0,0.0
A000800,경남기업,20210811,1005,13950.0,13950.0,13950.0,13950.0,0.0,1.0,13000.0,0.0,0.0,0.0,0.0,0.0,0.0,0.0,0.0,0,0.0,0.0,0.0,0.0,0.0,0.0,0.0
A000800,경남기업,20210810,1429,14700.0,14700.0,14700.0,14700.0,0.0,100.0,1470000.0,0.0,0.0,0.0,0.0,0.0,0.0,0.0,0.0,0,0.0,0.0,0.0,0.0,0.0,0.0,0.0
A000800,경남기업,20210810,1414,14950.0,14950.0,14950.0,14950.0,0.0,10.0,150000.0,0.0,0.0,0.0,0.0,0.0,0.0,0.0,0.0,0,0.0,0.0,0.0,0.0,0.0,0.0,0.0
A000800,경남기업,20210810,1325,14950.0,14950.0,14950.0,14950.0,0.0,1.0,15000.0,0.0,0.0,0.0,0.0,0.0,0.0,0.0,0.0,0,0.0,0.0,0.0,0.0,0.0,0.0,0.0
A000800,경남기업,20210810,1141,12800.0,12800.0,12800.0,12800.0,0.0,10.0,128000.0,0.0,0.0,0.0,0.0,0.0,0.0,0.0,0.0,0,0.0,0.0,0.0,0.0,0.0,0.0,0.0
A000800,경남기업,20210810,1034,12800.0,12800.0,12800.0,12800.0,0.0,30.0,384000.0,0.0,0.0,0.0,0.0,0.0,0.0,0.0,0.0,0,0.0,0.0,0.0,0.0,0.0,0.0,0.0
A000800,경남기업,20210810,929,12800.0,12800.0,12800.0,12800.0,0.0,2.0,25000.0,0.0,0.0,0.0,0.0,0.0,0.0,0.0,0.0,0,0.0,0.0,0.0,0.0,0.0,0.0,0.0
A000800,경남기업,20210810,912,12800.0,12800.0,12800.0,12800.0,0.0,169.0,2163000.0,0.0,0.0,0.0,0.0,0.0,0.0,0.0,0.0,0,0.0,0.0,0.0,0.0,0.0,0.0,0.0
A000800,경남기업,20210810,902,12800.0,12800.0,12800.0,12800.0,0.0,10.0,128000.0,0.0,0.0,0.0,0.0,0.0,0.0,0.0,0.0,0,0.0,0.0,0.0,0.0,0.0,0.0,0.0
A000800,경남기업,20210813,1419,10600.0,10600.0,10600.0,10600.0,0.0,9.0,96000.0,0.0,0.0,0.0,0.0,0.0,0.0,0.0,0.0,0,0.0,0.0,0.0,0.0,0.0,0.0,0.0
A000800,경남기업,20210813,1354,10400.0,10400.0,10400.0,10400.0,0.0,70.0,728000.0,0.0,0.0,0.0,0.0,0.0,0.0,0.0,0.0,0,0.0,0.0,0.0,0.0,0.0,0.0,0.0
A000800,경남기업,20210813,1349,10600.0,10600.0,10600.0,10600.0,0.0,1.0,10000.0,0.0,0.0,0.0,0.0,0.0,0.0,0.0,0.0,0,0.0,0.0,0.0,0.0,0.0,0.0,0.0
A000800,경남기업,20210813,1041,13500.0,13500.0,13500.0,13500.0,0.0,1.0,14000.0,0.0,0.0,0.0,0.0,0.0,0.0,0.0,0.0,0,0.0,0.0,0.0,0.0,0.0,0.0,0.0
A000800,경남기업,20210813,1039,10550.0,10550.0,10550.0,10550.0,0.0,100.0,1055000.0,0.0,0.0,0.0,0.0,0.0,0.0,0.0,0.0,0,0.0,0.0,0.0,0.0,0.0,0.0,0.0
A000800,경남기업,20210813,1036,10600.0,10600.0,10600.0,10600.0,0.0,59.0,625000.0,0.0,0.0,0.0,0.0,0.0,0.0,0.0,0.0,0,0.0,0.0,0.0,0.0,0.0,0.0,0.0
A000800,경남기업,20210813,1022,10600.0,10600.0,10600.0,10600.0,0.0,4.0,42000.0,0.0,0.0,0.0,0.0,0.0,0.0,0.0,0.0,0,0.0,0.0,0.0,0.0,0.0,0.0,0.0
A000800,경남기업,20210813,1020,10600.0,10600.0,10600.0,10600.0,0.0,17.0,181000.0,0.0,0.0,0.0,0.0,0.0,0.0,0.0,0.0,0,0.0,0.0,0.0,0.0,0.0,0.0,0.0
A000800,경남기업,20210813,1017,10600.0,10600.0,10600.0,10600.0,0.0,13.0,137000.0,0.0,0.0,0.0,0.0,0.0,0.0,0.0,0.0,0,0.0,0.0,0.0,0.0,0.0,0.0,0.0
A000800,경남기업,20210813,1016,10600.0,10600.0,10600.0,10600.0,0.0,7.0,75000.0,0.0,0.0,0.0,0.0,0.0,0.0,0.0,0.0,0,0.0,0.0,0.0,0.0,0.0,0.0,0.0
A000800,경남기업,20210813,956,10550.0,10550.0,10550.0,10550.0,0.0,60.0,633000.0,0.0,0.0,0.0,0.0,0.0,0.0,0.0,0.0,0,0.0,0.0,0.0,0.0,0.0,0.0,0.0
A000800,경남기업,20210813,955,10550.0,10550.0,10550.0,10550.0,0.0,40.0,422000.0,0.0,0.0,0.0,0.0,0.0,0.0,0.0,0.0,0,0.0,0.0,0.0,0.0,0.0,0.0,0.0
A000800,경남기업,20210813,940,13850.0,13850.0,13850.0,13850.0,0.0,1.0,13000.0,0.0,0.0,0.0,0.0,0.0,0.0,0.0,0.0,0,0.0,0.0,0.0,0.0,0.0,0.0,0.0
A000800,경남기업,20210812,1510,11400.0,11400.0,11400.0,11400.0,0.0,18.0,206000.0,0.0,0.0,0.0,0.0,0.0,0.0,0.0,0.0,0,0.0,0.0,0.0,0.0,0.0,0.0,0.0
A000800,경남기업,20210812,1316,13000.0,13000.0,13000.0,13000.0,0.0,2.0,26000.0,0.0,0.0,0.0,0.0,0.0,0.0,0.0,0.0,0,0.0,0.0,0.0,0.0,0.0,0.0,0.0
A000800,경남기업,20210812,913,13950.0,13950.0,13950.0,13950.0,0.0,2.0,27000.0,0.0,0.0,0.0,0.0,0.0,0.0,0.0,0.0,0,0.0,0.0,0.0,0.0,0.0,0.0,0.0
A000800,경남기업,20210817,1441,10700.0,10700.0,10700.0,10700.0,0.0,1.0,11000.0,0.0,0.0,0.0,0.0,0.0,0.0,0.0,0.0,0,0.0,0.0,0.0,0.0,0.0,0.0,0.0
A000800,경남기업,20210817,1435,11000.0,11000.0,11000.0,11000.0,0.0,29.0,319000.0,0.0,0.0,0.0,0.0,0.0,0.0,0.0,0.0,0,0.0,0.0,0.0,0.0,0.0,0.0,0.0
A000800,경남기업,20210817,1212,10950.0,10950.0,10950.0,10950.0,0.0,29.0,317000.0,0.0,0.0,0.0,0.0,0.0,0.0,0.0,0.0,0,0.0,0.0,0.0,0.0,0.0,0.0,0.0
A000800,경남기업,20210817,1121,10950.0,10950.0,10950.0,10950.0,0.0,10.0,110000.0,0.0,0.0,0.0,0.0,0.0,0.0,0.0,0.0,0,0.0,0.0,0.0,0.0,0.0,0.0,0.0
A000800,경남기업,20210817,1030,10950.0,10950.0,10950.0,10950.0,0.0,3.0,32000.0,0.0,0.0,0.0,0.0,0.0,0.0,0.0,0.0,0,0.0,0.0,0.0,0.0,0.0,0.0,0.0
A000800,경남기업,20210819,1517,11000.0,11000.0,11000.0,11000.0,0.0,1.0,11000.0,0.0,0.0,0.0,0.0,0.0,0.0,0.0,0.0,0,0.0,0.0,0.0,0.0,0.0,0.0,0.0
A000800,경남기업,20210819,1516,11000.0,11000.0,11000.0,11000.0,0.0,9.0,99000.0,0.0,0.0,0.0,0.0,0.0,0.0,0.0,0.0,0,0.0,0.0,0.0,0.0,0.0,0.0,0.0
A000800,경남기업,20210819,1506,11750.0,11750.0,11750.0,11750.0,0.0,13.0,152000.0,0.0,0.0,0.0,0.0,0.0,0.0,0.0,0.0,0,0.0,0.0,0.0,0.0,0.0,0.0,0.0
A000800,경남기업,20210818,940,12000.0,12000.0,12000.0,12000.0,0.0,1.0,12000.0,0.0,0.0,0.0,0.0,0.0,0.0,0.0,0.0,0,0.0,0.0,0.0,0.0,0.0,0.0,0.0
A000800,경남기업,20210820,1439,11550.0,11550.0,11550.0,11550.0,0.0,10.0,116000.0,0.0,0.0,0.0,0.0,0.0,0.0,0.0,0.0,0,0.0,0.0,0.0,0.0,0.0,0.0,0.0
A000800,경남기업,20210820,1416,10600.0,10600.0,10550.0,10550.0,0.0,43.0,454000.0,0.0,0.0,0.0,0.0,0.0,0.0,0.0,0.0,0,0.0,0.0,0.0,0.0,0.0,0.0,0.0
A000800,경남기업,20210820,1259,11000.0,11000.0,11000.0,11000.0,0.0,22.0,242000.0,0.0,0.0,0.0,0.0,0.0,0.0,0.0,0.0,0,0.0,0.0,0.0,0.0,0.0,0.0,0.0
A000800,경남기업,20210820,1128,11650.0,11650.0,11650.0,11650.0,0.0,10.0,117000.0,0.0,0.0,0.0,0.0,0.0,0.0,0.0,0.0,0,0.0,0.0,0.0,0.0,0.0,0.0,0.0
A000800,경남기업,20210820,1001,11700.0,11700.0,11700.0,11700.0,0.0,1.0,12000.0,0.0,0.0,0.0,0.0,0.0,0.0,0.0,0.0,0,0.0,0.0,0.0,0.0,0.0,0.0,0.0
A000800,경남기업,20210820,914,11800.0,11800.0,11800.0,11800.0,0.0,1.0,11000.0,0.0,0.0,0.0,0.0,0.0,0.0,0.0,0.0,0,0.0,0.0,0.0,0.0,0.0,0.0,0.0
A000800,경남기업,20210823,1433,11250.0,11250.0,11250.0,11250.0,0.0,1.0,12000.0,0.0,0.0,0.0,0.0,0.0,0.0,0.0,0.0,0,0.0,0.0,0.0,0.0,0.0,0.0,0.0
A000800,경남기업,20210823,1348,10000.0,10000.0,9200.0,9200.0,0.0,53.0,488000.0,0.0,0.0,0.0,0.0,0.0,0.0,0.0,0.0,0,0.0,0.0,0.0,0.0,0.0,0.0,0.0
A000800,경남기업,20210823,1113,11650.0,11650.0,11650.0,11650.0,0.0,1.0,12000.0,0.0,0.0,0.0,0.0,0.0,0.0,0.0,0.0,0,0.0,0.0,0.0,0.0,0.0,0.0,0.0
A000800,경남기업,20210823,1112,9100.0,9100.0,9100.0,9100.0,0.0,70.0,637000.0,0.0,0.0,0.0,0.0,0.0,0.0,0.0,0.0,0,0.0,0.0,0.0,0.0,0.0,0.0,0.0
A000800,경남기업,20210823,1111,11650.0,11650.0,11650.0,11650.0,0.0,1.0,11000.0,0.0,0.0,0.0,0.0,0.0,0.0,0.0,0.0,0,0.0,0.0,0.0,0.0,0.0,0.0,0.0
A000800,경남기업,20210823,1110,9100.0,9100.0,9100.0,9100.0,0.0,65.0,592000.0,0.0,0.0,0.0,0.0,0.0,0.0,0.0,0.0,0,0.0,0.0,0.0,0.0,0.0,0.0,0.0
A000800,경남기업,20210823,1106,10000.0,10000.0,10000.0,10000.0,0.0,24.0,240000.0,0.0,0.0,0.0,0.0,0.0,0.0,0.0,0.0,0,0.0,0.0,0.0,0.0,0.0,0.0,0.0
A000800,경남기업,20210823,1105,10100.0,10100.0,10100.0,10100.0,0.0,34.0,343000.0,0.0,0.0,0.0,0.0,0.0,0.0,0.0,0.0,0,0.0,0.0,0.0,0.0,0.0,0.0,0.0
A000800,경남기업,20210823,1104,10100.0,10100.0,10100.0,10100.0,0.0,50.0,505000.0,0.0,0.0,0.0,0.0,0.0,0.0,0.0,0.0,0,0.0,0.0,0.0,0.0,0.0,0.0,0.0
A000800,경남기업,20210823,1102,10150.0,10150.0,10150.0,10150.0,0.0,20.0,203000.0,0.0,0.0,0.0,0.0,0.0,0.0,0.0,0.0,0,0.0,0.0,0.0,0.0,0.0,0.0,0.0
A000800,경남기업,20210823,1050,11750.0,11750.0,11750.0,11750.0,0.0,2.0,24000.0,0.0,0.0,0.0,0.0,0.0,0.0,0.0,0.0,0,0.0,0.0,0.0,0.0,0.0,0.0,0.0
A000800,경남기업,20210823,1001,11800.0,11800.0,11800.0,11800.0,0.0,1.0,11000.0,0.0,0.0,0.0,0.0,0.0,0.0,0.0,0.0,0,0.0,0.0,0.0,0.0,0.0,0.0,0.0
A000800,경남기업,20210825,1444,10750.0,10750.0,10750.0,10750.0,0.0,2.0,22000.0,0.0,0.0,0.0,0.0,0.0,0.0,0.0,0.0,0,0.0,0.0,0.0,0.0,0.0,0.0,0.0
A000800,경남기업,20210825,1443,10750.0,10750.0,10750.0,10750.0,0.0,1.0,10000.0,0.0,0.0,0.0,0.0,0.0,0.0,0.0,0.0,0,0.0,0.0,0.0,0.0,0.0,0.0,0.0
A000800,경남기업,20210825,1219,9500.0,9500.0,9500.0,9500.0,0.0,1.0,10000.0,0.0,0.0,0.0,0.0,0.0,0.0,0.0,0.0,0,0.0,0.0,0.0,0.0,0.0,0.0,0.0
A000800,경남기업,20210825,936,9500.0,9500.0,9500.0,9500.0,0.0,15.0,142000.0,0.0,0.0,0.0,0.0,0.0,0.0,0.0,0.0,0,0.0,0.0,0.0,0.0,0.0,0.0,0.0
A000800,경남기업,20210824,1349,9800.0,9800.0,9800.0,9800.0,0.0,10.0,98000.0,0.0,0.0,0.0,0.0,0.0,0.0,0.0,0.0,0,0.0,0.0,0.0,0.0,0.0,0.0,0.0
A000800,경남기업,20210824,1343,9800.0,9800.0,9800.0,9800.0,0.0,10.0,98000.0,0.0,0.0,0.0,0.0,0.0,0.0,0.0,0.0,0,0.0,0.0,0.0,0.0,0.0,0.0,0.0
A000800,경남기업,20210824,1342,9810.0,9810.0,9810.0,9810.0,0.0,2.0,19000.0,0.0,0.0,0.0,0.0,0.0,0.0,0.0,0.0,0,0.0,0.0,0.0,0.0,0.0,0.0,0.0
A000800,경남기업,20210824,1047,9700.0,9700.0,9700.0,9700.0,0.0,75.0,728000.0,0.0,0.0,0.0,0.0,0.0,0.0,0.0,0.0,0,0.0,0.0,0.0,0.0,0.0,0.0,0.0
A000800,경남기업,20210824,1037,9700.0,9700.0,9700.0,9700.0,0.0,55.0,533000.0,0.0,0.0,0.0,0.0,0.0,0.0,0.0,0.0,0,0.0,0.0,0.0,0.0,0.0,0.0,0.0
A000800,경남기업,20210824,1006,9600.0,9600.0,9600.0,9600.0,0.0,70.0,672000.0,0.0,0.0,0.0,0.0,0.0,0.0,0.0,0.0,0,0.0,0.0,0.0,0.0,0.0,0.0,0.0
A000800,경남기업,20210824,1003,9580.0,9580.0,9580.0,9580.0,0.0,30.0,288000.0,0.0,0.0,0.0,0.0,0.0,0.0,0.0,0.0,0,0.0,0.0,0.0,0.0,0.0,0.0,0.0
A000800,경남기업,20210824,953,9570.0,9570.0,9570.0,9570.0,0.0,10.0,95000.0,0.0,0.0,0.0,0.0,0.0,0.0,0.0,0.0,0,0.0,0.0,0.0,0.0,0.0,0.0,0.0
A000800,경남기업,20210827,1003,11000.0,11000.0,11000.0,11000.0,0.0,1.0,11000.0,0.0,0.0,0.0,0.0,0.0,0.0,0.0,0.0,0,0.0,0.0,0.0,0.0,0.0,0.0,0.0
A000800,경남기업,20210831,959,12600.0,12600.0,12600.0,12600.0,0.0,1.0,12000.0,0.0,0.0,0.0,0.0,0.0,0.0,0.0,0.0,0,0.0,0.0,0.0,0.0,0.0,0.0,0.0
A000800,경남기업,20210830,1520,10900.0,10900.0,10900.0,10900.0,0.0,2.0,21000.0,0.0,0.0,0.0,0.0,0.0,0.0,0.0,0.0,0,0.0,0.0,0.0,0.0,0.0,0.0,0.0
A000800,경남기업,20210830,1511,10900.0,10900.0,10900.0,10900.0,0.0,1.0,11000.0,0.0,0.0,0.0,0.0,0.0,0.0,0.0,0.0,0,0.0,0.0,0.0,0.0,0.0,0.0,0.0
A000800,경남기업,20210830,1509,10050.0,10050.0,10050.0,10050.0,0.0,50.0,503000.0,0.0,0.0,0.0,0.0,0.0,0.0,0.0,0.0,0,0.0,0.0,0.0,0.0,0.0,0.0,0.0
A000800,경남기업,20210830,1450,10850.0,10850.0,10850.0,10850.0,0.0,2.0,21000.0,0.0,0.0,0.0,0.0,0.0,0.0,0.0,0.0,0,0.0,0.0,0.0,0.0,0.0,0.0,0.0
A000800,경남기업,20210830,1448,11000.0,11000.0,11000.0,11000.0,0.0,9.0,99000.0,0.0,0.0,0.0,0.0,0.0,0.0,0.0,0.0,0,0.0,0.0,0.0,0.0,0.0,0.0,0.0
A000800,경남기업,20210830,1447,10950.0,11000.0,10950.0,10950.0,0.0,220.0,2415000.0,0.0,0.0,0.0,0.0,0.0,0.0,0.0,0.0,0,0.0,0.0,0.0,0.0,0.0,0.0,0.0
A000800,경남기업,20210830,1446,10850.0,10850.0,10850.0,10850.0,0.0,29.0,315000.0,0.0,0.0,0.0,0.0,0.0,0.0,0.0,0.0,0,0.0,0.0,0.0,0.0,0.0,0.0,0.0
A000800,경남기업,20210830,1440,10050.0,10050.0,10050.0,10050.0,0.0,30.0,301000.0,0.0,0.0,0.0,0.0,0.0,0.0,0.0,0.0,0,0.0,0.0,0.0,0.0,0.0,0.0,0.0
A000800,경남기업,20210830,1436,10050.0,10050.0,10050.0,10050.0,0.0,72.0,724000.0,0.0,0.0,0.0,0.0,0.0,0.0,0.0,0.0,0,0.0,0.0,0.0,0.0,0.0,0.0,0.0
A000800,경남기업,20210830,1434,10950.0,10950.0,10950.0,10950.0,0.0,1.0,11000.0,0.0,0.0,0.0,0.0,0.0,0.0,0.0,0.0,0,0.0,0.0,0.0,0.0,0.0,0.0,0.0
A000800,경남기업,20210830,1426,10050.0,10050.0,10050.0,10050.0,0.0,25.0,251000.0,0.0,0.0,0.0,0.0,0.0,0.0,0.0,0.0,0,0.0,0.0,0.0,0.0,0.0,0.0,0.0
A000800,경남기업,20210830,1415,10950.0,10950.0,10950.0,10950.0,0.0,45.0,493000.0,0.0,0.0,0.0,0.0,0.0,0.0,0.0,0.0,0,0.0,0.0,0.0,0.0,0.0,0.0,0.0
A000800,경남기업,20210830,1412,11000.0,11000.0,11000.0,11000.0,0.0,111.0,1221000.0,0.0,0.0,0.0,0.0,0.0,0.0,0.0,0.0,0,0.0,0.0,0.0,0.0,0.0,0.0,0.0
A000800,경남기업,20210830,1223,10950.0,10950.0,10950.0,10950.0,0.0,1.0,11000.0,0.0,0.0,0.0,0.0,0.0,0.0,0.0,0.0,0,0.0,0.0,0.0,0.0,0.0,0.0,0.0
A000800,경남기업,20210830,1222,9000.0,9000.0,9000.0,9000.0,0.0,3.0,27000.0,0.0,0.0,0.0,0.0,0.0,0.0,0.0,0.0,0,0.0,0.0,0.0,0.0,0.0,0.0,0.0
A000800,경남기업,20210830,1221,9000.0,9000.0,9000.0,9000.0,0.0,2.0,18000.0,0.0,0.0,0.0,0.0,0.0,0.0,0.0,0.0,0,0.0,0.0,0.0,0.0,0.0,0.0,0.0
A000800,경남기업,20210830,1219,9000.0,9000.0,9000.0,9000.0,0.0,20.0,180000.0,0.0,0.0,0.0,0.0,0.0,0.0,0.0,0.0,0,0.0,0.0,0.0,0.0,0.0,0.0,0.0
A000800,경남기업,20210830,931,12800.0,12800.0,12800.0,12800.0,0.0,1.0,12000.0,0.0,0.0,0.0,0.0,0.0,0.0,0.0,0.0,0,0.0,0.0,0.0,0.0,0.0,0.0,0.0
A000800,경남기업,20210902,1045,11500.0,11500.0,11500.0,11500.0,0.0,9.0,103000.0,0.0,0.0,0.0,0.0,0.0,0.0,0.0,0.0,0,0.0,0.0,0.0,0.0,0.0,0.0,0.0
A000800,경남기업,20210902,1013,11500.0,11500.0,11500.0,11500.0,0.0,100.0,1150000.0,0.0,0.0,0.0,0.0,0.0,0.0,0.0,0.0,0,0.0,0.0,0.0,0.0,0.0,0.0,0.0
A000800,경남기업,20210901,1522,12500.0,12500.0,12500.0,12500.0,0.0,1.0,13000.0,0.0,0.0,0.0,0.0,0.0,0.0,0.0,0.0,0,0.0,0.0,0.0,0.0,0.0,0.0,0.0
A000800,경남기업,20210901,1448,12600.0,12600.0,12600.0,12600.0,0.0,1.0,12000.0,0.0,0.0,0.0,0.0,0.0,0.0,0.0,0.0,0,0.0,0.0,0.0,0.0,0.0,0.0,0.0
A000800,경남기업,20210901,1349,11500.0,11500.0,11300.0,11300.0,0.0,164.0,1879000.0,0.0,0.0,0.0,0.0,0.0,0.0,0.0,0.0,0,0.0,0.0,0.0,0.0,0.0,0.0,0.0
A000800,경남기업,20210901,1240,12600.0,12600.0,12600.0,12600.0,0.0,1.0,13000.0,0.0,0.0,0.0,0.0,0.0,0.0,0.0,0.0,0,0.0,0.0,0.0,0.0,0.0,0.0,0.0
A000800,경남기업,20210901,1219,11500.0,11500.0,11500.0,11500.0,0.0,100.0,1150000.0,0.0,0.0,0.0,0.0,0.0,0.0,0.0,0.0,0,0.0,0.0,0.0,0.0,0.0,0.0,0.0
A000800,경남기업,20210901,1209,11300.0,11300.0,11300.0,11300.0,0.0,66.0,746000.0,0.0,0.0,0.0,0.0,0.0,0.0,0.0,0.0,0,0.0,0.0,0.0,0.0,0.0,0.0,0.0
A000800,경남기업,20210901,1208,11300.0,11300.0,11300.0,11300.0,0.0,28.0,316000.0,0.0,0.0,0.0,0.0,0.0,0.0,0.0,0.0,0,0.0,0.0,0.0,0.0,0.0,0.0,0.0
A000800,경남기업,20210901,1114,11400.0,11400.0,11400.0,11400.0,0.0,1.0,12000.0,0.0,0.0,0.0,0.0,0.0,0.0,0.0,0.0,0,0.0,0.0,0.0,0.0,0.0,0.0,0.0
A000800,경남기업,20210901,1100,11300.0,11300.0,11300.0,11300.0,0.0,27.0,305000.0,0.0,0.0,0.0,0.0,0.0,0.0,0.0,0.0,0,0.0,0.0,0.0,0.0,0.0,0.0,0.0
A000800,경남기업,20210901,1052,11300.0,11300.0,11300.0,11300.0,0.0,129.0,1457000.0,0.0,0.0,0.0,0.0,0.0,0.0,0.0,0.0,0,0.0,0.0,0.0,0.0,0.0,0.0,0.0
A000800,경남기업,20210903,1033,14000.0,14000.0,14000.0,14000.0,0.0,1.0,14000.0,0.0,0.0,0.0,0.0,0.0,0.0,0.0,0.0,0,0.0,0.0,0.0,0.0,0.0,0.0,0.0
A000800,경남기업,20210903,1028,10000.0,10000.0,10000.0,10000.0,0.0,100.0,1000000.0,0.0,0.0,0.0,0.0,0.0,0.0,0.0,0.0,0,0.0,0.0,0.0,0.0,0.0,0.0,0.0
A000800,경남기업,20210906,1512,10150.0,10150.0,10150.0,10150.0,0.0,30.0,305000.0,0.0,0.0,0.0,0.0,0.0,0.0,0.0,0.0,0,0.0,0.0,0.0,0.0,0.0,0.0,0.0
A000800,경남기업,20210906,1507,10150.0,10150.0,10150.0,10150.0,0.0,20.0,203000.0,0.0,0.0,0.0,0.0,0.0,0.0,0.0,0.0,0,0.0,0.0,0.0,0.0,0.0,0.0,0.0
A000800,경남기업,20210906,1505,10150.0,10150.0,10150.0,10150.0,0.0,5.0,50000.0,0.0,0.0,0.0,0.0,0.0,0.0,0.0,0.0,0,0.0,0.0,0.0,0.0,0.0,0.0,0.0
A000800,경남기업,20210906,1134,10200.0,10200.0,10100.0,10100.0,0.0,220.0,2229000.0,0.0,0.0,0.0,0.0,0.0,0.0,0.0,0.0,0,0.0,0.0,0.0,0.0,0.0,0.0,0.0
A000800,경남기업,20210908,1022,11500.0,11500.0,11500.0,11500.0,0.0,1.0,11000.0,0.0,0.0,0.0,0.0,0.0,0.0,0.0,0.0,0,0.0,0.0,0.0,0.0,0.0,0.0,0.0
A000800,경남기업,20210907,1305,11000.0,11000.0,11000.0,11000.0,0.0,1.0,11000.0,0.0,0.0,0.0,0.0,0.0,0.0,0.0,0.0,0,0.0,0.0,0.0,0.0,0.0,0.0,0.0
A000800,경남기업,20210907,1252,10150.0,10150.0,10150.0,10150.0,0.0,1.0,10000.0,0.0,0.0,0.0,0.0,0.0,0.0,0.0,0.0,0,0.0,0.0,0.0,0.0,0.0,0.0,0.0
A000800,경남기업,20210910,1527,11450.0,11450.0,11450.0,11450.0,0.0,1.0,12000.0,0.0,0.0,0.0,0.0,0.0,0.0,0.0,0.0,0,0.0,0.0,0.0,0.0,0.0,0.0,0.0
A000800,경남기업,20210910,915,12950.0,12950.0,12950.0,12950.0,0.0,1.0,12000.0,0.0,0.0,0.0,0.0,0.0,0.0,0.0,0.0,0,0.0,0.0,0.0,0.0,0.0,0.0,0.0
A000800,경남기업,20210909,925,11500.0,11500.0,11500.0,11500.0,0.0,4.0,46000.0,0.0,0.0,0.0,0.0,0.0,0.0,0.0,0.0,0,0.0,0.0,0.0,0.0,0.0,0.0,0.0
A000800,경남기업,20210913,929,12200.0,12200.0,12200.0,12200.0,0.0,10.0,122000.0,0.0,0.0,0.0,0.0,0.0,0.0,0.0,0.0,0,0.0,0.0,0.0,0.0,0.0,0.0,0.0
A000800,경남기업,20210916,908,12450.0,12450.0,12450.0,12450.0,0.0,1.0,12000.0,0.0,0.0,0.0,0.0,0.0,0.0,0.0,0.0,0,0.0,0.0,0.0,0.0,0.0,0.0,0.0
A000800,경남기업,20210917,1526,10700.0,10700.0,10700.0,10700.0,0.0,1.0,10000.0,0.0,0.0,0.0,0.0,0.0,0.0,0.0,0.0,0,0.0,0.0,0.0,0.0,0.0,0.0,0.0
A000800,경남기업,20210917,1513,9300.0,9300.0,9300.0,9300.0,0.0,80.0,744000.0,0.0,0.0,0.0,0.0,0.0,0.0,0.0,0.0,0,0.0,0.0,0.0,0.0,0.0,0.0,0.0
A000800,경남기업,20210917,1425,10750.0,10750.0,10750.0,10750.0,0.0,1.0,11000.0,0.0,0.0,0.0,0.0,0.0,0.0,0.0,0.0,0,0.0,0.0,0.0,0.0,0.0,0.0,0.0
A000800,경남기업,20210917,1424,9300.0,9300.0,9300.0,9300.0,0.0,20.0,186000.0,0.0,0.0,0.0,0.0,0.0,0.0,0.0,0.0,0,0.0,0.0,0.0,0.0,0.0,0.0,0.0
A000800,경남기업,20210917,1422,9300.0,9300.0,9300.0,9300.0,0.0,5.0,46000.0,0.0,0.0,0.0,0.0,0.0,0.0,0.0,0.0,0,0.0,0.0,0.0,0.0,0.0,0.0,0.0
A000800,경남기업,20210917,1421,9300.0,9300.0,9300.0,9300.0,0.0,5.0,47000.0,0.0,0.0,0.0,0.0,0.0,0.0,0.0,0.0,0,0.0,0.0,0.0,0.0,0.0,0.0,0.0
A000800,경남기업,20210917,1416,9300.0,9300.0,9300.0,9300.0,0.0,50.0,465000.0,0.0,0.0,0.0,0.0,0.0,0.0,0.0,0.0,0,0.0,0.0,0.0,0.0,0.0,0.0,0.0
A000800,경남기업,20210917,1414,9300.0,9300.0,9300.0,9300.0,0.0,20.0,186000.0,0.0,0.0,0.0,0.0,0.0,0.0,0.0,0.0,0,0.0,0.0,0.0,0.0,0.0,0.0,0.0
A000800,경남기업,20210917,1412,9300.0,9300.0,9300.0,9300.0,0.0,25.0,232000.0,0.0,0.0,0.0,0.0,0.0,0.0,0.0,0.0,0,0.0,0.0,0.0,0.0,0.0,0.0,0.0
A000800,경남기업,20210924,1418,10600.0,10600.0,10400.0,10400.0,0.0,3.0,31000.0,0.0,0.0,0.0,0.0,0.0,0.0,0.0,0.0,0,0.0,0.0,0.0,0.0,0.0,0.0,0.0
A000800,경남기업,20210924,1415,10350.0,10350.0,10350.0,10350.0,0.0,25.0,259000.0,0.0,0.0,0.0,0.0,0.0,0.0,0.0,0.0,0,0.0,0.0,0.0,0.0,0.0,0.0,0.0
A000800,경남기업,20210924,1414,10800.0,10800.0,10800.0,10800.0,0.0,89.0,961000.0,0.0,0.0,0.0,0.0,0.0,0.0,0.0,0.0,0,0.0,0.0,0.0,0.0,0.0,0.0,0.0
A000800,경남기업,20210924,1412,10800.0,10800.0,10800.0,10800.0,0.0,6.0,65000.0,0.0,0.0,0.0,0.0,0.0,0.0,0.0,0.0,0,0.0,0.0,0.0,0.0,0.0,0.0,0.0
A000800,경남기업,20210924,1402,10700.0,10700.0,10700.0,10700.0,0.0,61.0,653000.0,0.0,0.0,0.0,0.0,0.0,0.0,0.0,0.0,0,0.0,0.0,0.0,0.0,0.0,0.0,0.0
A000800,경남기업,20210924,1251,10700.0,10700.0,10700.0,10700.0,0.0,10.0,107000.0,0.0,0.0,0.0,0.0,0.0,0.0,0.0,0.0,0,0.0,0.0,0.0,0.0,0.0,0.0,0.0
A000800,경남기업,20210924,1229,10700.0,10700.0,10700.0,10700.0,0.0,1.0,11000.0,0.0,0.0,0.0,0.0,0.0,0.0,0.0,0.0,0,0.0,0.0,0.0,0.0,0.0,0.0,0.0
A000800,경남기업,20210924,1222,10700.0,10700.0,10700.0,10700.0,0.0,9.0,96000.0,0.0,0.0,0.0,0.0,0.0,0.0,0.0,0.0,0,0.0,0.0,0.0,0.0,0.0,0.0,0.0
A000800,경남기업,20210924,1220,10700.0,10700.0,10700.0,10700.0,0.0,1.0,11000.0,0.0,0.0,0.0,0.0,0.0,0.0,0.0,0.0,0,0.0,0.0,0.0,0.0,0.0,0.0,0.0
A000800,경남기업,20210924,1155,10650.0,10700.0,10650.0,10700.0,0.0,31.0,331000.0,0.0,0.0,0.0,0.0,0.0,0.0,0.0,0.0,0,0.0,0.0,0.0,0.0,0.0,0.0,0.0
A000800,경남기업,20210924,939,11850.0,11850.0,11850.0,11850.0,0.0,1.0,11000.0,0.0,0.0,0.0,0.0,0.0,0.0,0.0,0.0,0,0.0,0.0,0.0,0.0,0.0,0.0,0.0
A000800,경남기업,20210923,1528,10750.0,10750.0,10750.0,10750.0,0.0,2.0,22000.0,0.0,0.0,0.0,0.0,0.0,0.0,0.0,0.0,0,0.0,0.0,0.0,0.0,0.0,0.0,0.0
A000800,경남기업,20210923,1349,11100.0,11100.0,11100.0,11100.0,0.0,2.0,22000.0,0.0,0.0,0.0,0.0,0.0,0.0,0.0,0.0,0,0.0,0.0,0.0,0.0,0.0,0.0,0.0
A000800,경남기업,20210923,1101,11100.0,11100.0,11100.0,11100.0,0.0,15.0,166000.0,0.0,0.0,0.0,0.0,0.0,0.0,0.0,0.0,0,0.0,0.0,0.0,0.0,0.0,0.0,0.0
A000800,경남기업,20210923,1042,10000.0,10000.0,10000.0,10000.0,0.0,10.0,100000.0,0.0,0.0,0.0,0.0,0.0,0.0,0.0,0.0,0,0.0,0.0,0.0,0.0,0.0,0.0,0.0
A000800,경남기업,20210923,959,10000.0,10000.0,10000.0,10000.0,0.0,7.0,70000.0,0.0,0.0,0.0,0.0,0.0,0.0,0.0,0.0,0,0.0,0.0,0.0,0.0,0.0,0.0,0.0
A000800,경남기업,20210928,1454,10550.0,10550.0,10550.0,10550.0,0.0,4.0,42000.0,0.0,0.0,0.0,0.0,0.0,0.0,0.0,0.0,0,0.0,0.0,0.0,0.0,0.0,0.0,0.0
A000800,경남기업,20210928,1422,10700.0,10700.0,10700.0,10700.0,0.0,2.0,21000.0,0.0,0.0,0.0,0.0,0.0,0.0,0.0,0.0,0,0.0,0.0,0.0,0.0,0.0,0.0,0.0
A000800,경남기업,20210928,1338,10700.0,10700.0,10700.0,10700.0,0.0,1.0,11000.0,0.0,0.0,0.0,0.0,0.0,0.0,0.0,0.0,0,0.0,0.0,0.0,0.0,0.0,0.0,0.0
A000800,경남기업,20210928,949,10750.0,10750.0,10750.0,10750.0,0.0,2.0,21000.0,0.0,0.0,0.0,0.0,0.0,0.0,0.0,0.0,0,0.0,0.0,0.0,0.0,0.0,0.0,0.0
A000800,경남기업,20210927,1415,10450.0,10450.0,10450.0,10450.0,0.0,6.0,63000.0,0.0,0.0,0.0,0.0,0.0,0.0,0.0,0.0,0,0.0,0.0,0.0,0.0,0.0,0.0,0.0
A000800,경남기업,20210927,1412,10450.0,10450.0,10450.0,10450.0,0.0,1.0,10000.0,0.0,0.0,0.0,0.0,0.0,0.0,0.0,0.0,0,0.0,0.0,0.0,0.0,0.0,0.0,0.0
A000800,경남기업,20210927,1231,10750.0,10750.0,10750.0,10750.0,0.0,39.0,419000.0,0.0,0.0,0.0,0.0,0.0,0.0,0.0,0.0,0,0.0,0.0,0.0,0.0,0.0,0.0,0.0
A000800,경남기업,20210930,1523,11250.0,11250.0,11250.0,11250.0,0.0,1.0,12000.0,0.0,0.0,0.0,0.0,0.0,0.0,0.0,0.0,0,0.0,0.0,0.0,0.0,0.0,0.0,0.0
A000800,경남기업,20210930,1314,9900.0,9900.0,9900.0,9900.0,0.0,1.0,10000.0,0.0,0.0,0.0,0.0,0.0,0.0,0.0,0.0,0,0.0,0.0,0.0,0.0,0.0,0.0,0.0
A000800,경남기업,20210930,1142,11450.0,11450.0,11450.0,11450.0,0.0,13.0,148000.0,0.0,0.0,0.0,0.0,0.0,0.0,0.0,0.0,0,0.0,0.0,0.0,0.0,0.0,0.0,0.0
A000800,경남기업,20210929,1047,11400.0,11400.0,11400.0,11400.0,0.0,1.0,11000.0,0.0,0.0,0.0,0.0,0.0,0.0,0.0,0.0,0,0.0,0.0,0.0,0.0,0.0,0.0,0.0
A000800,경남기업,20211001,1103,11200.0,11200.0,11200.0,11200.0,0.0,1.0,11000.0,0.0,0.0,0.0,0.0,0.0,0.0,0.0,0.0,0,0.0,0.0,0.0,0.0,0.0,0.0,0.0
A000800,경남기업,20211001,1101,9000.0,9000.0,9000.0,9000.0,0.0,1.0,9000.0,0.0,0.0,0.0,0.0,0.0,0.0,0.0,0.0,0,0.0,0.0,0.0,0.0,0.0,0.0,0.0
A000800,경남기업,20211001,1100,11200.0,11200.0,11200.0,11200.0,0.0,1.0,11000.0,0.0,0.0,0.0,0.0,0.0,0.0,0.0,0.0,0,0.0,0.0,0.0,0.0,0.0,0.0,0.0
A000800,경남기업,20211005,928,10500.0,10500.0,10500.0,10500.0,0.0,13.0,136000.0,0.0,0.0,0.0,0.0,0.0,0.0,0.0,0.0,0,0.0,0.0,0.0,0.0,0.0,0.0,0.0
A000800,경남기업,20211008,1453,10400.0,10400.0,10400.0,10400.0,0.0,10.0,104000.0,0.0,0.0,0.0,0.0,0.0,0.0,0.0,0.0,0,0.0,0.0,0.0,0.0,0.0,0.0,0.0
A000800,경남기업,20211008,1403,10000.0,10000.0,10000.0,10000.0,0.0,1.0,10000.0,0.0,0.0,0.0,0.0,0.0,0.0,0.0,0.0,0,0.0,0.0,0.0,0.0,0.0,0.0,0.0
A000800,경남기업,20211008,1339,10400.0,10400.0,10400.0,10400.0,0.0,17.0,176000.0,0.0,0.0,0.0,0.0,0.0,0.0,0.0,0.0,0,0.0,0.0,0.0,0.0,0.0,0.0,0.0
A000800,경남기업,20211012,1050,10400.0,10400.0,10400.0,10400.0,0.0,2.0,20000.0,0.0,0.0,0.0,0.0,0.0,0.0,0.0,0.0,0,0.0,0.0,0.0,0.0,0.0,0.0,0.0
A000800,경남기업,20211014,1527,10400.0,10400.0,10400.0,10400.0,0.0,1.0,10000.0,0.0,0.0,0.0,0.0,0.0,0.0,0.0,0.0,0,0.0,0.0,0.0,0.0,0.0,0.0,0.0
A000800,경남기업,20211014,1522,10400.0,10400.0,10400.0,10400.0,0.0,3.0,31000.0,0.0,0.0,0.0,0.0,0.0,0.0,0.0,0.0,0,0.0,0.0,0.0,0.0,0.0,0.0,0.0
A000800,경남기업,20211015,1530,9510.0,9510.0,9510.0,9510.0,0.0,1.0,9000.0,0.0,0.0,0.0,0.0,0.0,0.0,0.0,0.0,0,0.0,0.0,0.0,0.0,0.0,0.0,0.0
A000800,경남기업,20211018,1325,9500.0,9500.0,9500.0,9500.0,0.0,203.0,1929000.0,0.0,0.0,0.0,0.0,0.0,0.0,0.0,0.0,0,0.0,0.0,0.0,0.0,0.0,0.0,0.0
A000800,경남기업,20211018,1318,9500.0,9500.0,9500.0,9500.0,0.0,22.0,209000.0,0.0,0.0,0.0,0.0,0.0,0.0,0.0,0.0,0,0.0,0.0,0.0,0.0,0.0,0.0,0.0
A000800,경남기업,20211018,1312,9500.0,9500.0,9500.0,9500.0,0.0,1.0,9000.0,0.0,0.0,0.0,0.0,0.0,0.0,0.0,0.0,0,0.0,0.0,0.0,0.0,0.0,0.0,0.0
A000800,경남기업,20211020,1530,9810.0,9810.0,9810.0,9810.0,0.0,3.0,30000.0,0.0,0.0,0.0,0.0,0.0,0.0,0.0,0.0,0,0.0,0.0,0.0,0.0,0.0,0.0,0.0
A000800,경남기업,20211020,1525,9810.0,9810.0,9810.0,9810.0,0.0,1.0,9000.0,0.0,0.0,0.0,0.0,0.0,0.0,0.0,0.0,0,0.0,0.0,0.0,0.0,0.0,0.0,0.0
A000800,경남기업,20211020,1518,9990.0,9990.0,9990.0,9990.0,0.0,13.0,130000.0,0.0,0.0,0.0,0.0,0.0,0.0,0.0,0.0,0,0.0,0.0,0.0,0.0,0.0,0.0,0.0
A000800,경남기업,20211020,1425,10000.0,10000.0,10000.0,10000.0,0.0,2.0,20000.0,0.0,0.0,0.0,0.0,0.0,0.0,0.0,0.0,0,0.0,0.0,0.0,0.0,0.0,0.0,0.0
A000800,경남기업,20211020,1424,10000.0,10000.0,10000.0,10000.0,0.0,2.0,20000.0,0.0,0.0,0.0,0.0,0.0,0.0,0.0,0.0,0,0.0,0.0,0.0,0.0,0.0,0.0,0.0
A000800,경남기업,20211020,1412,10000.0,10000.0,10000.0,10000.0,0.0,1.0,10000.0,0.0,0.0,0.0,0.0,0.0,0.0,0.0,0.0,0,0.0,0.0,0.0,0.0,0.0,0.0,0.0
A000800,경남기업,20211020,1401,10000.0,10000.0,10000.0,10000.0,0.0,1.0,10000.0,0.0,0.0,0.0,0.0,0.0,0.0,0.0,0.0,0,0.0,0.0,0.0,0.0,0.0,0.0,0.0
A000800,경남기업,20211020,1321,10000.0,10000.0,10000.0,10000.0,0.0,1.0,10000.0,0.0,0.0,0.0,0.0,0.0,0.0,0.0,0.0,0,0.0,0.0,0.0,0.0,0.0,0.0,0.0
A000800,경남기업,20211020,1316,10000.0,10000.0,10000.0,10000.0,0.0,1.0,10000.0,0.0,0.0,0.0,0.0,0.0,0.0,0.0,0.0,0,0.0,0.0,0.0,0.0,0.0,0.0,0.0
A000800,경남기업,20211020,1149,10350.0,10350.0,10350.0,10350.0,0.0,9.0,93000.0,0.0,0.0,0.0,0.0,0.0,0.0,0.0,0.0,0,0.0,0.0,0.0,0.0,0.0,0.0,0.0
A000800,경남기업,20211020,1104,10000.0,10000.0,10000.0,10000.0,0.0,1.0,10000.0,0.0,0.0,0.0,0.0,0.0,0.0,0.0,0.0,0,0.0,0.0,0.0,0.0,0.0,0.0,0.0
A000800,경남기업,20211019,1025,10000.0,10000.0,10000.0,10000.0,0.0,1.0,10000.0,0.0,0.0,0.0,0.0,0.0,0.0,0.0,0.0,0,0.0,0.0,0.0,0.0,0.0,0.0,0.0
A000800,경남기업,20211019,955,10000.0,10000.0,10000.0,10000.0,0.0,34.0,340000.0,0.0,0.0,0.0,0.0,0.0,0.0,0.0,0.0,0,0.0,0.0,0.0,0.0,0.0,0.0,0.0
A000800,경남기업,20211021,1503,9000.0,9000.0,9000.0,9000.0,0.0,1.0,9000.0,0.0,0.0,0.0,0.0,0.0,0.0,0.0,0.0,0,0.0,0.0,0.0,0.0,0.0,0.0,0.0
A000800,경남기업,20211021,925,10100.0,10100.0,10100.0,10100.0,0.0,4.0,40000.0,0.0,0.0,0.0,0.0,0.0,0.0,0.0,0.0,0,0.0,0.0,0.0,0.0,0.0,0.0,0.0
A000800,경남기업,20211101,1502,10100.0,10100.0,10100.0,10100.0,0.0,1.0,10000.0,0.0,0.0,0.0,0.0,0.0,0.0,0.0,0.0,0,0.0,0.0,0.0,0.0,0.0,0.0,0.0
A000800,경남기업,20211102,1519,10900.0,10900.0,10900.0,10900.0,0.0,5.0,54000.0,0.0,0.0,0.0,0.0,0.0,0.0,0.0,0.0,0,0.0,0.0,0.0,0.0,0.0,0.0,0.0
A000800,경남기업,20211102,1508,10900.0,10900.0,10900.0,10900.0,0.0,7.0,77000.0,0.0,0.0,0.0,0.0,0.0,0.0,0.0,0.0,0,0.0,0.0,0.0,0.0,0.0,0.0,0.0
A000800,경남기업,20211102,1451,11000.0,11000.0,11000.0,11000.0,0.0,8000.0,88000000.0,0.0,0.0,0.0,0.0,0.0,0.0,0.0,0.0,0,0.0,0.0,0.0,0.0,0.0,0.0,0.0
A000800,경남기업,20211102,1450,11000.0,11000.0,11000.0,11000.0,0.0,2000.0,22000000.0,0.0,0.0,0.0,0.0,0.0,0.0,0.0,0.0,0,0.0,0.0,0.0,0.0,0.0,0.0,0.0
A000800,경남기업,20211102,1449,11000.0,11000.0,11000.0,11000.0,0.0,1000.0,11000000.0,0.0,0.0,0.0,0.0,0.0,0.0,0.0,0.0,0,0.0,0.0,0.0,0.0,0.0,0.0,0.0
A000800,경남기업,20211102,1407,11000.0,11000.0,11000.0,11000.0,0.0,1000.0,11000000.0,0.0,0.0,0.0,0.0,0.0,0.0,0.0,0.0,0,0.0,0.0,0.0,0.0,0.0,0.0,0.0
A000800,경남기업,20211102,1247,10800.0,11000.0,10800.0,11000.0,0.0,1676.0,18351000.0,0.0,0.0,0.0,0.0,0.0,0.0,0.0,0.0,0,0.0,0.0,0.0,0.0,0.0,0.0,0.0
A000800,경남기업,20211102,938,10950.0,10950.0,10950.0,10950.0,0.0,26.0,284000.0,0.0,0.0,0.0,0.0,0.0,0.0,0.0,0.0,0,0.0,0.0,0.0,0.0,0.0,0.0,0.0
A000800,경남기업,20211102,937,10800.0,10800.0,10800.0,10800.0,0.0,100.0,1080000.0,0.0,0.0,0.0,0.0,0.0,0.0,0.0,0.0,0,0.0,0.0,0.0,0.0,0.0,0.0,0.0
A000800,경남기업,20211102,936,10800.0,10800.0,10800.0,10800.0,0.0,139.0,1501000.0,0.0,0.0,0.0,0.0,0.0,0.0,0.0,0.0,0,0.0,0.0,0.0,0.0,0.0,0.0,0.0
A000800,경남기업,20211105,1034,10900.0,11000.0,10900.0,11000.0,0.0,72.0,791000.0,0.0,0.0,0.0,0.0,0.0,0.0,0.0,0.0,0,0.0,0.0,0.0,0.0,0.0,0.0,0.0
A000800,경남기업,20211105,1033,10850.0,10850.0,10850.0,10850.0,0.0,13.0,141000.0,0.0,0.0,0.0,0.0,0.0,0.0,0.0,0.0,0,0.0,0.0,0.0,0.0,0.0,0.0,0.0
A000800,경남기업,20211104,1526,8450.0,8450.0,8450.0,8450.0,0.0,13.0,109000.0,0.0,0.0,0.0,0.0,0.0,0.0,0.0,0.0,0,0.0,0.0,0.0,0.0,0.0,0.0,0.0
A000800,경남기업,20211104,956,11000.0,11000.0,11000.0,11000.0,0.0,5000.0,55000000.0,0.0,0.0,0.0,0.0,0.0,0.0,0.0,0.0,0,0.0,0.0,0.0,0.0,0.0,0.0,0.0
A000800,경남기업,20211104,949,11000.0,11000.0,11000.0,11000.0,0.0,1000.0,11000000.0,0.0,0.0,0.0,0.0,0.0,0.0,0.0,0.0,0,0.0,0.0,0.0,0.0,0.0,0.0,0.0
A000800,경남기업,20211109,1512,11000.0,11000.0,11000.0,11000.0,0.0,2.0,22000.0,0.0,0.0,0.0,0.0,0.0,0.0,0.0,0.0,0,0.0,0.0,0.0,0.0,0.0,0.0,0.0
A000800,경남기업,20211109,1428,11000.0,11000.0,11000.0,11000.0,0.0,1.0,11000.0,0.0,0.0,0.0,0.0,0.0,0.0,0.0,0.0,0,0.0,0.0,0.0,0.0,0.0,0.0,0.0
A000800,경남기업,20211109,1209,11000.0,11000.0,11000.0,11000.0,0.0,1.0,11000.0,0.0,0.0,0.0,0.0,0.0,0.0,0.0,0.0,0,0.0,0.0,0.0,0.0,0.0,0.0,0.0
A000800,경남기업,20211110,1008,11000.0,11000.0,11000.0,11000.0,0.0,4.0,44000.0,0.0,0.0,0.0,0.0,0.0,0.0,0.0,0.0,0,0.0,0.0,0.0,0.0,0.0,0.0,0.0
A000800,경남기업,20211115,1509,11000.0,11000.0,11000.0,11000.0,0.0,1.0,11000.0,0.0,0.0,0.0,0.0,0.0,0.0,0.0,0.0,0,0.0,0.0,0.0,0.0,0.0,0.0,0.0
A000800,경남기업,20211115,1402,9270.0,9270.0,9270.0,9270.0,0.0,1.0,9000.0,0.0,0.0,0.0,0.0,0.0,0.0,0.0,0.0,0,0.0,0.0,0.0,0.0,0.0,0.0,0.0
A000800,경남기업,20211117,1437,11000.0,11000.0,11000.0,11000.0,0.0,2.0,22000.0,0.0,0.0,0.0,0.0,0.0,0.0,0.0,0.0,0,0.0,0.0,0.0,0.0,0.0,0.0,0.0
A000800,경남기업,20211117,906,12000.0,12000.0,12000.0,12000.0,0.0,1.0,12000.0,0.0,0.0,0.0,0.0,0.0,0.0,0.0,0.0,0,0.0,0.0,0.0,0.0,0.0,0.0,0.0
A000800,경남기업,20211119,943,14200.0,14200.0,14200.0,14200.0,0.0,1.0,14000.0,0.0,0.0,0.0,0.0,0.0,0.0,0.0,0.0,0,0.0,0.0,0.0,0.0,0.0,0.0,0.0
A000800,경남기업,20211118,1609,11000.0,11000.0,11000.0,11000.0,0.0,84.0,924000.0,0.0,0.0,0.0,0.0,0.0,0.0,0.0,0.0,0,0.0,0.0,0.0,0.0,0.0,0.0,0.0
A000800,경남기업,20211118,1543,10900.0,10900.0,10900.0,10900.0,0.0,3.0,33000.0,0.0,0.0,0.0,0.0,0.0,0.0,0.0,0.0,0,0.0,0.0,0.0,0.0,0.0,0.0,0.0
A000800,경남기업,20211118,1516,10900.0,10900.0,10900.0,10900.0,0.0,1.0,11000.0,0.0,0.0,0.0,0.0,0.0,0.0,0.0,0.0,0,0.0,0.0,0.0,0.0,0.0,0.0,0.0
A000800,경남기업,20211118,1333,10900.0,10900.0,10900.0,10900.0,0.0,1.0,10000.0,0.0,0.0,0.0,0.0,0.0,0.0,0.0,0.0,0,0.0,0.0,0.0,0.0,0.0,0.0,0.0
A000800,경남기업,20211118,1135,11000.0,11000.0,11000.0,11000.0,0.0,1.0,11000.0,0.0,0.0,0.0,0.0,0.0,0.0,0.0,0.0,0,0.0,0.0,0.0,0.0,0.0,0.0,0.0
A000800,경남기업,20211118,1027,8000.0,8000.0,8000.0,8000.0,0.0,2.0,16000.0,0.0,0.0,0.0,0.0,0.0,0.0,0.0,0.0,0,0.0,0.0,0.0,0.0,0.0,0.0,0.0
A000800,경남기업,20211125,936,10000.0,10000.0,10000.0,10000.0,0.0,1.0,10000.0,0.0,0.0,0.0,0.0,0.0,0.0,0.0,0.0,0,0.0,0.0,0.0,0.0,0.0,0.0,0.0
A000800,경남기업,20211124,1522,11050.0,11050.0,11050.0,11050.0,0.0,1.0,11000.0,0.0,0.0,0.0,0.0,0.0,0.0,0.0,0.0,0,0.0,0.0,0.0,0.0,0.0,0.0,0.0
A000800,경남기업,20211124,1458,10100.0,10100.0,10100.0,10100.0,0.0,30.0,303000.0,0.0,0.0,0.0,0.0,0.0,0.0,0.0,0.0,0,0.0,0.0,0.0,0.0,0.0,0.0,0.0
A000800,경남기업,20211124,1455,10050.0,10050.0,10050.0,10050.0,0.0,50.0,502000.0,0.0,0.0,0.0,0.0,0.0,0.0,0.0,0.0,0,0.0,0.0,0.0,0.0,0.0,0.0,0.0
A000800,경남기업,20211124,1454,10100.0,10100.0,10100.0,10100.0,0.0,10.0,101000.0,0.0,0.0,0.0,0.0,0.0,0.0,0.0,0.0,0,0.0,0.0,0.0,0.0,0.0,0.0,0.0
A000800,경남기업,20211126,1301,10900.0,10900.0,10900.0,10900.0,0.0,1.0,11000.0,0.0,0.0,0.0,0.0,0.0,0.0,0.0,0.0,0,0.0,0.0,0.0,0.0,0.0,0.0,0.0
A000800,경남기업,20211126,1053,11050.0,11050.0,7810.0,7810.0,0.0,2.0,18000.0,0.0,0.0,0.0,0.0,0.0,0.0,0.0,0.0,0,0.0,0.0,0.0,0.0,0.0,0.0,0.0
A000800,경남기업,20211201,1521,11000.0,11000.0,11000.0,11000.0,0.0,68.0,748000.0,0.0,0.0,0.0,0.0,0.0,0.0,0.0,0.0,0,0.0,0.0,0.0,0.0,0.0,0.0,0.0
A000800,경남기업,20211201,1307,11000.0,11000.0,11000.0,11000.0,0.0,1.0,11000.0,0.0,0.0,0.0,0.0,0.0,0.0,0.0,0.0,0,0.0,0.0,0.0,0.0,0.0,0.0,0.0
A000800,경남기업,20211130,1353,10950.0,11000.0,10950.0,11000.0,0.0,21.0,231000.0,0.0,0.0,0.0,0.0,0.0,0.0,0.0,0.0,0,0.0,0.0,0.0,0.0,0.0,0.0,0.0
A000800,경남기업,20211130,1006,10950.0,10950.0,10950.0,10950.0,0.0,9.0,98000.0,0.0,0.0,0.0,0.0,0.0,0.0,0.0,0.0,0,0.0,0.0,0.0,0.0,0.0,0.0,0.0
A000800,경남기업,20211209,905,11000.0,11000.0,11000.0,11000.0,0.0,11.0,121000.0,0.0,0.0,0.0,0.0,0.0,0.0,0.0,0.0,0,0.0,0.0,0.0,0.0,0.0,0.0,0.0
A000800,경남기업,20211208,1110,11000.0,11000.0,11000.0,11000.0,0.0,5.0,55000.0,0.0,0.0,0.0,0.0,0.0,0.0,0.0,0.0,0,0.0,0.0,0.0,0.0,0.0,0.0,0.0
A000800,경남기업,20211215,1417,11000.0,11000.0,11000.0,11000.0,0.0,1.0,11000.0,0.0,0.0,0.0,0.0,0.0,0.0,0.0,0.0,0,0.0,0.0,0.0,0.0,0.0,0.0,0.0
A000800,경남기업,20211216,1019,11000.0,11000.0,11000.0,11000.0,0.0,1.0,11000.0,0.0,0.0,0.0,0.0,0.0,0.0,0.0,0.0,0,0.0,0.0,0.0,0.0,0.0,0.0,0.0
A000800,경남기업,20211223,1154,10900.0,10900.0,10900.0,10900.0,0.0,19.0,208000.0,0.0,0.0,0.0,0.0,0.0,0.0,0.0,0.0,0,0.0,0.0,0.0,0.0,0.0,0.0,0.0
A000800,경남기업,20211223,1146,10900.0,11000.0,10900.0,11000.0,0.0,2.0,21000.0,0.0,0.0,0.0,0.0,0.0,0.0,0.0,0.0,0,0.0,0.0,0.0,0.0,0.0,0.0,0.0
A000800,경남기업,20211222,1244,10900.0,10900.0,10900.0,10900.0,0.0,5.0,54000.0,0.0,0.0,0.0,0.0,0.0,0.0,0.0,0.0,0,0.0,0.0,0.0,0.0,0.0,0.0,0.0
A000800,경남기업,20211227,1103,10950.0,10950.0,10950.0,10950.0,0.0,4.0,43000.0,0.0,0.0,0.0,0.0,0.0,0.0,0.0,0.0,0,0.0,0.0,0.0,0.0,0.0,0.0,0.0
A000800,경남기업,20211229,1342,10950.0,10950.0,10950.0,10950.0,0.0,1.0,11000.0,0.0,0.0,0.0,0.0,0.0,0.0,0.0,0.0,0,0.0,0.0,0.0,0.0,0.0,0.0,0.0
A000800,경남기업,20211229,946,10950.0,10950.0,10950.0,10950.0,0.0,24.0,262000.0,0.0,0.0,0.0,0.0,0.0,0.0,0.0,0.0,0,0.0,0.0,0.0,0.0,0.0,0.0,0.0
A000800,경남기업,20211228,1501,10950.0,10950.0,10950.0,10950.0,0.0,14.0,154000.0,0.0,0.0,0.0,0.0,0.0,0.0,0.0,0.0,0,0.0,0.0,0.0,0.0,0.0,0.0,0.0
A000800,경남기업,20211228,1102,10950.0,10950.0,10950.0,10950.0,0.0,5.0,54000.0,0.0,0.0,0.0,0.0,0.0,0.0,0.0,0.0,0,0.0,0.0,0.0,0.0,0.0,0.0,0.0
A000800,경남기업,20220103,1009,10950.0,10950.0,10950.0,10950.0,0.0,9.0,98000.0,0.0,0.0,0.0,0.0,0.0,0.0,0.0,0.0,0,0.0,0.0,0.0,0.0,0.0,0.0,0.0
A000800,경남기업,20220106,1406,10950.0,10950.0,10950.0,10950.0,0.0,1.0,10000.0,0.0,0.0,0.0,0.0,0.0,0.0,0.0,0.0,0,0.0,0.0,0.0,0.0,0.0,0.0,0.0
A000800,경남기업,20220107,1514,11500.0,11500.0,11500.0,11500.0,0.0,9.0,104000.0,0.0,0.0,0.0,0.0,0.0,0.0,0.0,0.0,0,0.0,0.0,0.0,0.0,0.0,0.0,0.0
A000800,경남기업,20220107,1316,11600.0,11600.0,11600.0,11600.0,0.0,50.0,580000.0,0.0,0.0,0.0,0.0,0.0,0.0,0.0,0.0,0,0.0,0.0,0.0,0.0,0.0,0.0,0.0
A000800,경남기업,20220107,1300,11650.0,11650.0,11600.0,11600.0,0.0,60.0,696000.0,0.0,0.0,0.0,0.0,0.0,0.0,0.0,0.0,0,0.0,0.0,0.0,0.0,0.0,0.0,0.0
A000800,경남기업,20220107,1211,14000.0,14000.0,14000.0,14000.0,0.0,50.0,700000.0,0.0,0.0,0.0,0.0,0.0,0.0,0.0,0.0,0,0.0,0.0,0.0,0.0,0.0,0.0,0.0
A000800,경남기업,20220107,1208,11600.0,11600.0,11500.0,11500.0,0.0,141.0,1629000.0,0.0,0.0,0.0,0.0,0.0,0.0,0.0,0.0,0,0.0,0.0,0.0,0.0,0.0,0.0,0.0
A000800,경남기업,20220107,1158,11600.0,11600.0,11600.0,11600.0,0.0,70.0,812000.0,0.0,0.0,0.0,0.0,0.0,0.0,0.0,0.0,0,0.0,0.0,0.0,0.0,0.0,0.0,0.0
A000800,경남기업,20220107,1157,11700.0,11700.0,11700.0,11700.0,0.0,70.0,819000.0,0.0,0.0,0.0,0.0,0.0,0.0,0.0,0.0,0,0.0,0.0,0.0,0.0,0.0,0.0,0.0
A000800,경남기업,20220107,1151,11500.0,11500.0,11500.0,11500.0,0.0,14.0,161000.0,0.0,0.0,0.0,0.0,0.0,0.0,0.0,0.0,0,0.0,0.0,0.0,0.0,0.0,0.0,0.0
A000800,경남기업,20220107,1138,11000.0,11000.0,11000.0,11000.0,0.0,1.0,11000.0,0.0,0.0,0.0,0.0,0.0,0.0,0.0,0.0,0,0.0,0.0,0.0,0.0,0.0,0.0,0.0
A000800,경남기업,20220107,1013,10950.0,10950.0,10950.0,10950.0,0.0,10.0,109000.0,0.0,0.0,0.0,0.0,0.0,0.0,0.0,0.0,0,0.0,0.0,0.0,0.0,0.0,0.0,0.0
A000800,경남기업,20220112,1522,10950.0,10950.0,10950.0,10950.0,0.0,41.0,449000.0,0.0,0.0,0.0,0.0,0.0,0.0,0.0,0.0,0,0.0,0.0,0.0,0.0,0.0,0.0,0.0
A000800,경남기업,20220112,1044,10000.0,10000.0,10000.0,10000.0,0.0,84.0,840000.0,0.0,0.0,0.0,0.0,0.0,0.0,0.0,0.0,0,0.0,0.0,0.0,0.0,0.0,0.0,0.0
A000800,경남기업,20220112,1026,10100.0,10100.0,10100.0,10100.0,0.0,11.0,111000.0,0.0,0.0,0.0,0.0,0.0,0.0,0.0,0.0,0,0.0,0.0,0.0,0.0,0.0,0.0,0.0
A000800,경남기업,20220112,1020,10150.0,10150.0,10150.0,10150.0,0.0,5.0,51000.0,0.0,0.0,0.0,0.0,0.0,0.0,0.0,0.0,0,0.0,0.0,0.0,0.0,0.0,0.0,0.0
A000800,경남기업,20220112,1015,10000.0,10000.0,10000.0,10000.0,0.0,100.0,1000000.0,0.0,0.0,0.0,0.0,0.0,0.0,0.0,0.0,0,0.0,0.0,0.0,0.0,0.0,0.0,0.0
A000800,경남기업,20220112,1011,10000.0,10000.0,10000.0,10000.0,0.0,70.0,700000.0,0.0,0.0,0.0,0.0,0.0,0.0,0.0,0.0,0,0.0,0.0,0.0,0.0,0.0,0.0,0.0
A000800,경남기업,20220112,951,10150.0,10150.0,10150.0,10150.0,0.0,5.0,50000.0,0.0,0.0,0.0,0.0,0.0,0.0,0.0,0.0,0,0.0,0.0,0.0,0.0,0.0,0.0,0.0
A000800,경남기업,20220111,1105,10200.0,10200.0,10200.0,10200.0,0.0,11.0,112000.0,0.0,0.0,0.0,0.0,0.0,0.0,0.0,0.0,0,0.0,0.0,0.0,0.0,0.0,0.0,0.0
A000800,경남기업,20220111,1037,11000.0,11000.0,11000.0,11000.0,0.0,5.0,55000.0,0.0,0.0,0.0,0.0,0.0,0.0,0.0,0.0,0,0.0,0.0,0.0,0.0,0.0,0.0,0.0
A000800,경남기업,20220111,952,11850.0,11850.0,11850.0,11850.0,0.0,5.0,59000.0,0.0,0.0,0.0,0.0,0.0,0.0,0.0,0.0,0,0.0,0.0,0.0,0.0,0.0,0.0,0.0
A000800,경남기업,20220114,1310,10000.0,10000.0,10000.0,10000.0,0.0,105.0,1050000.0,0.0,0.0,0.0,0.0,0.0,0.0,0.0,0.0,0,0.0,0.0,0.0,0.0,0.0,0.0,0.0
A000800,경남기업,20220113,1518,10450.0,10450.0,10450.0,10450.0,0.0,10.0,104000.0,0.0,0.0,0.0,0.0,0.0,0.0,0.0,0.0,0,0.0,0.0,0.0,0.0,0.0,0.0,0.0
A000800,경남기업,20220120,1444,10000.0,10000.0,10000.0,10000.0,0.0,5.0,50000.0,0.0,0.0,0.0,0.0,0.0,0.0,0.0,0.0,0,0.0,0.0,0.0,0.0,0.0,0.0,0.0
A000800,경남기업,20220124,1220,10000.0,10000.0,10000.0,10000.0,0.0,25.0,250000.0,0.0,0.0,0.0,0.0,0.0,0.0,0.0,0.0,0,0.0,0.0,0.0,0.0,0.0,0.0,0.0
A000800,경남기업,20220126,1524,10000.0,10000.0,10000.0,10000.0,0.0,25.0,250000.0,0.0,0.0,0.0,0.0,0.0,0.0,0.0,0.0,0,0.0,0.0,0.0,0.0,0.0,0.0,0.0
A000800,경남기업,20220128,1156,10000.0,10000.0,10000.0,10000.0,0.0,2.0,20000.0,0.0,0.0,0.0,0.0,0.0,0.0,0.0,0.0,0,0.0,0.0,0.0,0.0,0.0,0.0,0.0
A000800,경남기업,20220128,932,10000.0,10000.0,10000.0,10000.0,0.0,46.0,460000.0,0.0,0.0,0.0,0.0,0.0,0.0,0.0,0.0,0,0.0,0.0,0.0,0.0,0.0,0.0,0.0
A000800,경남기업,20220128,929,10000.0,10000.0,10000.0,10000.0,0.0,4.0,40000.0,0.0,0.0,0.0,0.0,0.0,0.0,0.0,0.0,0,0.0,0.0,0.0,0.0,0.0,0.0,0.0
A000800,경남기업,20220127,1435,9990.0,9990.0,9990.0,9990.0,0.0,1.0,10000.0,0.0,0.0,0.0,0.0,0.0,0.0,0.0,0.0,0,0.0,0.0,0.0,0.0,0.0,0.0,0.0
A000800,경남기업,20220127,1434,9990.0,9990.0,9990.0,9990.0,0.0,1.0,10000.0,0.0,0.0,0.0,0.0,0.0,0.0,0.0,0.0,0,0.0,0.0,0.0,0.0,0.0,0.0,0.0
A000800,경남기업,20220127,1330,7310.0,7310.0,7310.0,7310.0,0.0,7.0,51000.0,0.0,0.0,0.0,0.0,0.0,0.0,0.0,0.0,0,0.0,0.0,0.0,0.0,0.0,0.0,0.0
A000800,경남기업,20220127,1115,10000.0,10000.0,10000.0,10000.0,0.0,3.0,30000.0,0.0,0.0,0.0,0.0,0.0,0.0,0.0,0.0,0,0.0,0.0,0.0,0.0,0.0,0.0,0.0
A000800,경남기업,20220203,1449,10000.0,10000.0,10000.0,10000.0,0.0,120.0,1200000.0,0.0,0.0,0.0,0.0,0.0,0.0,0.0,0.0,0,0.0,0.0,0.0,0.0,0.0,0.0,0.0
A000800,경남기업,20220203,1424,10000.0,10000.0,10000.0,10000.0,0.0,7.0,70000.0,0.0,0.0,0.0,0.0,0.0,0.0,0.0,0.0,0,0.0,0.0,0.0,0.0,0.0,0.0,0.0
A000800,경남기업,20220204,1503,10000.0,10000.0,10000.0,10000.0,0.0,100.0,1000000.0,0.0,0.0,0.0,0.0,0.0,0.0,0.0,0.0,0,0.0,0.0,0.0,0.0,0.0,0.0,0.0
A000800,경남기업,20220204,1413,9990.0,9990.0,9990.0,9990.0,0.0,2.0,19000.0,0.0,0.0,0.0,0.0,0.0,0.0,0.0,0.0,0,0.0,0.0,0.0,0.0,0.0,0.0,0.0
A000800,경남기업,20220207,1259,8000.0,8000.0,8000.0,8000.0,0.0,2.0,16000.0,0.0,0.0,0.0,0.0,0.0,0.0,0.0,0.0,0,0.0,0.0,0.0,0.0,0.0,0.0,0.0
A000800,경남기업,20220209,1447,10800.0,10800.0,10800.0,10800.0,0.0,1.0,11000.0,0.0,0.0,0.0,0.0,0.0,0.0,0.0,0.0,0,0.0,0.0,0.0,0.0,0.0,0.0,0.0
A000800,경남기업,20220209,1400,10800.0,10800.0,10800.0,10800.0,0.0,10.0,108000.0,0.0,0.0,0.0,0.0,0.0,0.0,0.0,0.0,0,0.0,0.0,0.0,0.0,0.0,0.0,0.0
A000800,경남기업,20220209,1359,10800.0,10800.0,10800.0,10800.0,0.0,12.0,129000.0,0.0,0.0,0.0,0.0,0.0,0.0,0.0,0.0,0,0.0,0.0,0.0,0.0,0.0,0.0,0.0
A000800,경남기업,20220208,1143,10300.0,10300.0,10300.0,10300.0,0.0,3.0,30000.0,0.0,0.0,0.0,0.0,0.0,0.0,0.0,0.0,0,0.0,0.0,0.0,0.0,0.0,0.0,0.0
A000800,경남기업,20220211,1408,8810.0,8810.0,8810.0,8810.0,0.0,16.0,140000.0,0.0,0.0,0.0,0.0,0.0,0.0,0.0,0.0,0,0.0,0.0,0.0,0.0,0.0,0.0,0.0
A000800,경남기업,20220211,1353,10000.0,10000.0,10000.0,10000.0,0.0,1.0,10000.0,0.0,0.0,0.0,0.0,0.0,0.0,0.0,0.0,0,0.0,0.0,0.0,0.0,0.0,0.0,0.0
A000800,경남기업,20220215,1342,8600.0,8600.0,8600.0,8600.0,0.0,2.0,17000.0,0.0,0.0,0.0,0.0,0.0,0.0,0.0,0.0,0,0.0,0.0,0.0,0.0,0.0,0.0,0.0
A000800,경남기업,20220214,1526,8880.0,8880.0,8880.0,8880.0,0.0,1.0,9000.0,0.0,0.0,0.0,0.0,0.0,0.0,0.0,0.0,0,0.0,0.0,0.0,0.0,0.0,0.0,0.0
A000800,경남기업,20220214,1033,8520.0,8520.0,8520.0,8520.0,0.0,23.0,195000.0,0.0,0.0,0.0,0.0,0.0,0.0,0.0,0.0,0,0.0,0.0,0.0,0.0,0.0,0.0,0.0
A000800,경남기업,20220216,1314,8700.0,8700.0,8700.0,8700.0,0.0,7.0,60000.0,0.0,0.0,0.0,0.0,0.0,0.0,0.0,0.0,0,0.0,0.0,0.0,0.0,0.0,0.0,0.0
A000800,경남기업,20220222,1048,8950.0,8950.0,8950.0,8950.0,0.0,1.0,8000.0,0.0,0.0,0.0,0.0,0.0,0.0,0.0,0.0,0,0.0,0.0,0.0,0.0,0.0,0.0,0.0
A000800,경남기업,20220302,1434,9000.0,9000.0,9000.0,9000.0,0.0,1.0,9000.0,0.0,0.0,0.0,0.0,0.0,0.0,0.0,0.0,0,0.0,0.0,0.0,0.0,0.0,0.0,0.0
A000800,경남기업,20220308,1221,7530.0,7530.0,7530.0,7530.0,0.0,1.0,7000.0,0.0,0.0,0.0,0.0,0.0,0.0,0.0,0.0,0,0.0,0.0,0.0,0.0,0.0,0.0,0.0
A000800,경남기업,20220311,1130,10950.0,10950.0,10950.0,10950.0,0.0,1.0,10000.0,0.0,0.0,0.0,0.0,0.0,0.0,0.0,0.0,0,0.0,0.0,0.0,0.0,0.0,0.0,0.0
A000800,경남기업,20220310,1529,9750.0,9750.0,9750.0,9750.0,0.0,3.0,29000.0,0.0,0.0,0.0,0.0,0.0,0.0,0.0,0.0,0,0.0,0.0,0.0,0.0,0.0,0.0,0.0
A000800,경남기업,20220310,1438,9750.0,9750.0,9750.0,9750.0,0.0,1.0,10000.0,0.0,0.0,0.0,0.0,0.0,0.0,0.0,0.0,0,0.0,0.0,0.0,0.0,0.0,0.0,0.0
A000800,경남기업,20220310,1342,9750.0,9750.0,9750.0,9750.0,0.0,32.0,312000.0,0.0,0.0,0.0,0.0,0.0,0.0,0.0,0.0,0,0.0,0.0,0.0,0.0,0.0,0.0,0.0
A000800,경남기업,20220310,1227,9750.0,9750.0,9750.0,9750.0,0.0,1.0,10000.0,0.0,0.0,0.0,0.0,0.0,0.0,0.0,0.0,0,0.0,0.0,0.0,0.0,0.0,0.0,0.0
A000800,경남기업,20220310,1226,9750.0,9750.0,9750.0,9750.0,0.0,2.0,19000.0,0.0,0.0,0.0,0.0,0.0,0.0,0.0,0.0,0,0.0,0.0,0.0,0.0,0.0,0.0,0.0
A000800,경남기업,20220310,1220,9750.0,9750.0,9750.0,9750.0,0.0,1.0,10000.0,0.0,0.0,0.0,0.0,0.0,0.0,0.0,0.0,0,0.0,0.0,0.0,0.0,0.0,0.0,0.0
A000800,경남기업,20220310,1113,9750.0,9750.0,9750.0,9750.0,0.0,230.0,2242000.0,0.0,0.0,0.0,0.0,0.0,0.0,0.0,0.0,0,0.0,0.0,0.0,0.0,0.0,0.0,0.0
A000800,경남기업,20220310,1006,9750.0,9750.0,9750.0,9750.0,0.0,30.0,293000.0,0.0,0.0,0.0,0.0,0.0,0.0,0.0,0.0,0,0.0,0.0,0.0,0.0,0.0,0.0,0.0
A000800,경남기업,20220310,1001,9750.0,9750.0,9750.0,9750.0,0.0,5.0,49000.0,0.0,0.0,0.0,0.0,0.0,0.0,0.0,0.0,0,0.0,0.0,0.0,0.0,0.0,0.0,0.0
A000800,경남기업,20220310,931,9750.0,9750.0,9750.0,9750.0,0.0,5.0,48000.0,0.0,0.0,0.0,0.0,0.0,0.0,0.0,0.0,0,0.0,0.0,0.0,0.0,0.0,0.0,0.0
A000800,경남기업,20220321,1157,10850.0,10850.0,10850.0,10850.0,0.0,6.0,65000.0,0.0,0.0,0.0,0.0,0.0,0.0,0.0,0.0,0,0.0,0.0,0.0,0.0,0.0,0.0,0.0
A000800,경남기업,20220321,1123,10750.0,10850.0,10750.0,10850.0,0.0,2.0,22000.0,0.0,0.0,0.0,0.0,0.0,0.0,0.0,0.0,0,0.0,0.0,0.0,0.0,0.0,0.0,0.0
A000800,경남기업,20220321,1106,10850.0,10850.0,10850.0,10850.0,0.0,4.0,43000.0,0.0,0.0,0.0,0.0,0.0,0.0,0.0,0.0,0,0.0,0.0,0.0,0.0,0.0,0.0,0.0
A000800,경남기업,20220323,938,10850.0,10850.0,10850.0,10850.0,0.0,100.0,1085000.0,0.0,0.0,0.0,0.0,0.0,0.0,0.0,0.0,0,0.0,0.0,0.0,0.0,0.0,0.0,0.0
A000800,경남기업,20220322,1104,10850.0,10850.0,10850.0,10850.0,0.0,10.0,108000.0,0.0,0.0,0.0,0.0,0.0,0.0,0.0,0.0,0,0.0,0.0,0.0,0.0,0.0,0.0,0.0
A000800,경남기업,20220401,1404,10500.0,10500.0,10500.0,10500.0,0.0,81.0,850000.0,0.0,0.0,0.0,0.0,0.0,0.0,0.0,0.0,0,0.0,0.0,0.0,0.0,0.0,0.0,0.0
A000800,경남기업,20220405,1501,10400.0,10400.0,10400.0,10400.0,0.0,5.0,52000.0,0.0,0.0,0.0,0.0,0.0,0.0,0.0,0.0,0,0.0,0.0,0.0,0.0,0.0,0.0,0.0
A000800,경남기업,20220408,1453,9220.0,9220.0,9220.0,9220.0,0.0,42.0,387000.0,0.0,0.0,0.0,0.0,0.0,0.0,0.0,0.0,0,0.0,0.0,0.0,0.0,0.0,0.0,0.0
A000800,경남기업,20220408,1423,10000.0,10000.0,10000.0,10000.0,0.0,6.0,60000.0,0.0,0.0,0.0,0.0,0.0,0.0,0.0,0.0,0,0.0,0.0,0.0,0.0,0.0,0.0,0.0
A000800,경남기업,20220408,1351,10000.0,10000.0,10000.0,10000.0,0.0,100.0,1000000.0,0.0,0.0,0.0,0.0,0.0,0.0,0.0,0.0,0,0.0,0.0,0.0,0.0,0.0,0.0,0.0
A000800,경남기업,20220407,1137,10000.0,10000.0,10000.0,10000.0,0.0,50.0,500000.0,0.0,0.0,0.0,0.0,0.0,0.0,0.0,0.0,0,0.0,0.0,0.0,0.0,0.0,0.0,0.0
A000800,경남기업,20220415,1503,10650.0,10650.0,10650.0,10650.0,0.0,1.0,11000.0,0.0,0.0,0.0,0.0,0.0,0.0,0.0,0.0,0,0.0,0.0,0.0,0.0,0.0,0.0,0.0
A000800,경남기업,20220415,1351,8070.0,8070.0,8070.0,8070.0,0.0,15.0,121000.0,0.0,0.0,0.0,0.0,0.0,0.0,0.0,0.0,0,0.0,0.0,0.0,0.0,0.0,0.0,0.0
A000800,경남기업,20220415,1350,8810.0,8810.0,8800.0,8800.0,0.0,150.0,1320000.0,0.0,0.0,0.0,0.0,0.0,0.0,0.0,0.0,0,0.0,0.0,0.0,0.0,0.0,0.0,0.0
A000800,경남기업,20220415,1349,8820.0,8820.0,8820.0,8820.0,0.0,11.0,97000.0,0.0,0.0,0.0,0.0,0.0,0.0,0.0,0.0,0,0.0,0.0,0.0,0.0,0.0,0.0,0.0
A000800,경남기업,20220415,1348,8820.0,8820.0,8820.0,8820.0,0.0,11.0,97000.0,0.0,0.0,0.0,0.0,0.0,0.0,0.0,0.0,0,0.0,0.0,0.0,0.0,0.0,0.0,0.0
A000800,경남기업,20220419,1506,9490.0,9500.0,9490.0,9500.0,0.0,75.0,712000.0,0.0,0.0,0.0,0.0,0.0,0.0,0.0,0.0,0,0.0,0.0,0.0,0.0,0.0,0.0,0.0
A000800,경남기업,20220419,1039,9000.0,9000.0,9000.0,9000.0,0.0,30.0,270000.0,0.0,0.0,0.0,0.0,0.0,0.0,0.0,0.0,0,0.0,0.0,0.0,0.0,0.0,0.0,0.0
A000800,경남기업,20220422,1420,9510.0,9510.0,9510.0,9510.0,0.0,1.0,9000.0,0.0,0.0,0.0,0.0,0.0,0.0,0.0,0.0,0,0.0,0.0,0.0,0.0,0.0,0.0,0.0
A000800,경남기업,20220426,1140,9510.0,9510.0,9510.0,9510.0,0.0,10.0,95000.0,0.0,0.0,0.0,0.0,0.0,0.0,0.0,0.0,0,0.0,0.0,0.0,0.0,0.0,0.0,0.0
A000800,경남기업,20220425,1512,9510.0,9510.0,9510.0,9510.0,0.0,6.0,57000.0,0.0,0.0,0.0,0.0,0.0,0.0,0.0,0.0,0,0.0,0.0,0.0,0.0,0.0,0.0,0.0
A000800,경남기업,20220425,1108,9510.0,9510.0,9510.0,9510.0,0.0,5.0,47000.0,0.0,0.0,0.0,0.0,0.0,0.0,0.0,0.0,0,0.0,0.0,0.0,0.0,0.0,0.0,0.0
A000800,경남기업,20220427,1349,8120.0,8120.0,8120.0,8120.0,0.0,20.0,162000.0,0.0,0.0,0.0,0.0,0.0,0.0,0.0,0.0,0,0.0,0.0,0.0,0.0,0.0,0.0,0.0
A000800,경남기업,20220427,1203,8030.0,8030.0,8030.0,8030.0,0.0,40.0,321000.0,0.0,0.0,0.0,0.0,0.0,0.0,0.0,0.0,0,0.0,0.0,0.0,0.0,0.0,0.0,0.0
A000800,경남기업,20220429,1426,9890.0,9890.0,9890.0,9890.0,0.0,5.0,49000.0,0.0,0.0,0.0,0.0,0.0,0.0,0.0,0.0,0,0.0,0.0,0.0,0.0,0.0,0.0,0.0
A000800,경남기업,20220504,1530,9780.0,9780.0,9780.0,9780.0,0.0,5.0,49000.0,0.0,0.0,0.0,0.0,0.0,0.0,0.0,0.0,0,0.0,0.0,0.0,0.0,0.0,0.0,0.0
A000800,경남기업,20220504,1528,9780.0,9780.0,9780.0,9780.0,0.0,17.0,166000.0,0.0,0.0,0.0,0.0,0.0,0.0,0.0,0.0,0,0.0,0.0,0.0,0.0,0.0,0.0,0.0
A000800,경남기업,20220504,1113,7500.0,7500.0,7500.0,7500.0,0.0,45.0,338000.0,0.0,0.0,0.0,0.0,0.0,0.0,0.0,0.0,0,0.0,0.0,0.0,0.0,0.0,0.0,0.0
A000800,경남기업,20220504,1052,7110.0,7110.0,7110.0,7110.0,0.0,2.0,14000.0,0.0,0.0,0.0,0.0,0.0,0.0,0.0,0.0,0,0.0,0.0,0.0,0.0,0.0,0.0,0.0
A000800,경남기업,20220504,927,9800.0,9800.0,9800.0,9800.0,0.0,2.0,19000.0,0.0,0.0,0.0,0.0,0.0,0.0,0.0,0.0,0,0.0,0.0,0.0,0.0,0.0,0.0,0.0
A000800,경남기업,20220510,1058,7700.0,7700.0,7700.0,7700.0,0.0,1.0,7000.0,0.0,0.0,0.0,0.0,0.0,0.0,0.0,0.0,0,0.0,0.0,0.0,0.0,0.0,0.0,0.0
A000800,경남기업,20220509,1508,8400.0,8400.0,8400.0,8400.0,0.0,47.0,394000.0,0.0,0.0,0.0,0.0,0.0,0.0,0.0,0.0,0,0.0,0.0,0.0,0.0,0.0,0.0,0.0
A000800,경남기업,20220509,1501,9000.0,9000.0,9000.0,9000.0,0.0,3.0,27000.0,0.0,0.0,0.0,0.0,0.0,0.0,0.0,0.0,0,0.0,0.0,0.0,0.0,0.0,0.0,0.0
A000800,경남기업,20220509,1459,9000.0,9000.0,9000.0,9000.0,0.0,5.0,45000.0,0.0,0.0,0.0,0.0,0.0,0.0,0.0,0.0,0,0.0,0.0,0.0,0.0,0.0,0.0,0.0
A000800,경남기업,20220512,1058,6180.0,6180.0,6180.0,6180.0,0.0,1.0,6000.0,0.0,0.0,0.0,0.0,0.0,0.0,0.0,0.0,0,0.0,0.0,0.0,0.0,0.0,0.0,0.0
A000800,경남기업,20220511,954,8800.0,8800.0,8800.0,8800.0,0.0,6.0,52000.0,0.0,0.0,0.0,0.0,0.0,0.0,0.0,0.0,0,0.0,0.0,0.0,0.0,0.0,0.0,0.0
A000800,경남기업,20220511,952,8810.0,8810.0,8810.0,8810.0,0.0,5.0,44000.0,0.0,0.0,0.0,0.0,0.0,0.0,0.0,0.0,0,0.0,0.0,0.0,0.0,0.0,0.0,0.0
A000800,경남기업,20220513,926,8030.0,8030.0,8030.0,8030.0,0.0,1.0,8000.0,0.0,0.0,0.0,0.0,0.0,0.0,0.0,0.0,0,0.0,0.0,0.0,0.0,0.0,0.0,0.0
A000800,경남기업,20220520,1038,9000.0,9000.0,9000.0,9000.0,0.0,1.0,9000.0,0.0,0.0,0.0,0.0,0.0,0.0,0.0,0.0,0,0.0,0.0,0.0,0.0,0.0,0.0,0.0
A000800,경남기업,20220524,1318,9000.0,9000.0,9000.0,9000.0,0.0,50.0,450000.0,0.0,0.0,0.0,0.0,0.0,0.0,0.0,0.0,0,0.0,0.0,0.0,0.0,0.0,0.0,0.0
A000800,경남기업,20220527,1343,9000.0,9000.0,9000.0,9000.0,0.0,1.0,9000.0,0.0,0.0,0.0,0.0,0.0,0.0,0.0,0.0,0,0.0,0.0,0.0,0.0,0.0,0.0,0.0
A000800,경남기업,20220527,1137,9000.0,9000.0,9000.0,9000.0,0.0,1.0,9000.0,0.0,0.0,0.0,0.0,0.0,0.0,0.0,0.0,0,0.0,0.0,0.0,0.0,0.0,0.0,0.0
A000800,경남기업,20220607,1051,8990.0,8990.0,8990.0,8990.0,0.0,10.0,89000.0,0.0,0.0,0.0,0.0,0.0,0.0,0.0,0.0,0,0.0,0.0,0.0,0.0,0.0,0.0,0.0
A000800,경남기업,20220609,1011,10850.0,10850.0,10850.0,10850.0,0.0,1.0,10000.0,0.0,0.0,0.0,0.0,0.0,0.0,0.0,0.0,0,0.0,0.0,0.0,0.0,0.0,0.0,0.0
A000800,경남기업,20220613,1146,9500.0,9500.0,9500.0,9500.0,0.0,1.0,9000.0,0.0,0.0,0.0,0.0,0.0,0.0,0.0,0.0,0,0.0,0.0,0.0,0.0,0.0,0.0,0.0
A000800,경남기업,20220615,1332,9000.0,9000.0,9000.0,9000.0,0.0,1.0,9000.0,0.0,0.0,0.0,0.0,0.0,0.0,0.0,0.0,0,0.0,0.0,0.0,0.0,0.0,0.0,0.0
A000800,경남기업,20220620,938,9000.0,9000.0,9000.0,9000.0,0.0,10.0,90000.0,0.0,0.0,0.0,0.0,0.0,0.0,0.0,0.0,0,0.0,0.0,0.0,0.0,0.0,0.0,0.0
A000800,경남기업,20220623,1402,9990.0,9990.0,9990.0,9990.0,0.0,1.0,9000.0,0.0,0.0,0.0,0.0,0.0,0.0,0.0,0.0,0,0.0,0.0,0.0,0.0,0.0,0.0,0.0
A000800,경남기업,20220623,1339,6420.0,6420.0,6420.0,6420.0,0.0,50.0,321000.0,0.0,0.0,0.0,0.0,0.0,0.0,0.0,0.0,0,0.0,0.0,0.0,0.0,0.0,0.0,0.0
A000800,경남기업,20220624,912,8430.0,8430.0,8430.0,8430.0,0.0,43.0,363000.0,0.0,0.0,0.0,0.0,0.0,0.0,0.0,0.0,0,0.0,0.0,0.0,0.0,0.0,0.0,0.0
A000800,경남기업,20220624,910,8430.0,8430.0,8430.0,8430.0,0.0,16.0,134000.0,0.0,0.0,0.0,0.0,0.0,0.0,0.0,0.0,0,0.0,0.0,0.0,0.0,0.0,0.0,0.0
A000800,경남기업,20220629,1243,5920.0,5920.0,5920.0,5920.0,0.0,3.0,17000.0,0.0,0.0,0.0,0.0,0.0,0.0,0.0,0.0,0,0.0,0.0,0.0,0.0,0.0,0.0,0.0
A000800,경남기업,20220630,905,7690.0,7690.0,7690.0,7690.0,0.0,29.0,223000.0,0.0,0.0,0.0,0.0,0.0,0.0,0.0,0.0,0,0.0,0.0,0.0,0.0,0.0,0.0,0.0
A000800,경남기업,20220630,903,7690.0,7690.0,7690.0,7690.0,0.0,1.0,7000.0,0.0,0.0,0.0,0.0,0.0,0.0,0.0,0.0,0,0.0,0.0,0.0,0.0,0.0,0.0,0.0
A000800,경남기업,20220708,1454,9790.0,9790.0,9790.0,9790.0,0.0,5.0,49000.0,0.0,0.0,0.0,0.0,0.0,0.0,0.0,0.0,0,0.0,0.0,0.0,0.0,0.0,0.0,0.0
A000800,경남기업,20220708,1441,9790.0,9790.0,9790.0,9790.0,0.0,4.0,39000.0,0.0,0.0,0.0,0.0,0.0,0.0,0.0,0.0,0,0.0,0.0,0.0,0.0,0.0,0.0,0.0
A000800,경남기업,20220708,1339,9790.0,9790.0,9790.0,9790.0,0.0,3.0,30000.0,0.0,0.0,0.0,0.0,0.0,0.0,0.0,0.0,0,0.0,0.0,0.0,0.0,0.0,0.0,0.0
A000800,경남기업,20220708,929,9880.0,9880.0,9880.0,9880.0,0.0,1.0,9000.0,0.0,0.0,0.0,0.0,0.0,0.0,0.0,0.0,0,0.0,0.0,0.0,0.0,0.0,0.0,0.0
A000800,경남기업,20220711,912,9770.0,9770.0,9770.0,9770.0,0.0,3.0,30000.0,0.0,0.0,0.0,0.0,0.0,0.0,0.0,0.0,0,0.0,0.0,0.0,0.0,0.0,0.0,0.0
A000800,경남기업,20220711,906,6860.0,6860.0,6860.0,6860.0,0.0,1.0,6000.0,0.0,0.0,0.0,0.0,0.0,0.0,0.0,0.0,0,0.0,0.0,0.0,0.0,0.0,0.0,0.0
A000800,경남기업,20220715,913,9990.0,9990.0,9980.0,9980.0,0.0,120.0,1198000.0,0.0,0.0,0.0,0.0,0.0,0.0,0.0,0.0,0,0.0,0.0,0.0,0.0,0.0,0.0,0.0
A000800,경남기업,20220714,1348,9060.0,9060.0,9060.0,9060.0,0.0,1.0,9000.0,0.0,0.0,0.0,0.0,0.0,0.0,0.0,0.0,0,0.0,0.0,0.0,0.0,0.0,0.0,0.0
A000800,경남기업,20220714,1334,9060.0,9060.0,9060.0,9060.0,0.0,19.0,172000.0,0.0,0.0,0.0,0.0,0.0,0.0,0.0,0.0,0,0.0,0.0,0.0,0.0,0.0,0.0,0.0
A000800,경남기업,20220718,1302,9890.0,9890.0,9890.0,9890.0,0.0,2.0,19000.0,0.0,0.0,0.0,0.0,0.0,0.0,0.0,0.0,0,0.0,0.0,0.0,0.0,0.0,0.0,0.0
A000800,경남기업,20220720,1207,9800.0,9800.0,9800.0,9800.0,0.0,1.0,10000.0,0.0,0.0,0.0,0.0,0.0,0.0,0.0,0.0,0,0.0,0.0,0.0,0.0,0.0,0.0,0.0
A000800,경남기업,20220720,1156,9950.0,9950.0,9950.0,9950.0,0.0,1.0,9000.0,0.0,0.0,0.0,0.0,0.0,0.0,0.0,0.0,0,0.0,0.0,0.0,0.0,0.0,0.0,0.0
A000800,경남기업,20220727,1417,7300.0,7300.0,7300.0,7300.0,0.0,7.0,51000.0,0.0,0.0,0.0,0.0,0.0,0.0,0.0,0.0,0,0.0,0.0,0.0,0.0,0.0,0.0,0.0
A000800,경남기업,20220805,1526,9000.0,9000.0,9000.0,9000.0,0.0,1.0,9000.0,0.0,0.0,0.0,0.0,0.0,0.0,0.0,0.0,0,0.0,0.0,0.0,0.0,0.0,0.0,0.0
A000800,경남기업,20220810,1405,7010.0,7010.0,7010.0,7010.0,0.0,2.0,14000.0,0.0,0.0,0.0,0.0,0.0,0.0,0.0,0.0,0,0.0,0.0,0.0,0.0,0.0,0.0,0.0
A000800,경남기업,20220809,1231,9010.0,9010.0,9010.0,9010.0,0.0,1.0,9000.0,0.0,0.0,0.0,0.0,0.0,0.0,0.0,0.0,0,0.0,0.0,0.0,0.0,0.0,0.0,0.0
A000800,경남기업,20220811,1145,9110.0,9110.0,9110.0,9110.0,0.0,3.0,27000.0,0.0,0.0,0.0,0.0,0.0,0.0,0.0,0.0,0,0.0,0.0,0.0,0.0,0.0,0.0,0.0
A000800,경남기업,20220824,1107,9000.0,9000.0,9000.0,9000.0,0.0,1.0,9000.0,0.0,0.0,0.0,0.0,0.0,0.0,0.0,0.0,0,0.0,0.0,0.0,0.0,0.0,0.0,0.0
A000800,경남기업,20220823,1328,9190.0,9190.0,9190.0,9190.0,0.0,4.0,36000.0,0.0,0.0,0.0,0.0,0.0,0.0,0.0,0.0,0,0.0,0.0,0.0,0.0,0.0,0.0,0.0
A000800,경남기업,20220829,1334,9010.0,9010.0,9010.0,9010.0,0.0,30.0,270000.0,0.0,0.0,0.0,0.0,0.0,0.0,0.0,0.0,0,0.0,0.0,0.0,0.0,0.0,0.0,0.0
A000800,경남기업,20220901,1526,9020.0,9020.0,9020.0,9020.0,0.0,20.0,181000.0,0.0,0.0,0.0,0.0,0.0,0.0,0.0,0.0,0,0.0,0.0,0.0,0.0,0.0,0.0,0.0
A000800,경남기업,20220901,1505,9020.0,9020.0,9020.0,9020.0,0.0,17.0,153000.0,0.0,0.0,0.0,0.0,0.0,0.0,0.0,0.0,0,0.0,0.0,0.0,0.0,0.0,0.0,0.0
A000800,경남기업,20220901,1354,9020.0,9020.0,9020.0,9020.0,0.0,20.0,180000.0,0.0,0.0,0.0,0.0,0.0,0.0,0.0,0.0,0,0.0,0.0,0.0,0.0,0.0,0.0,0.0
A000800,경남기업,20220901,1352,9020.0,9020.0,9020.0,9020.0,0.0,50.0,451000.0,0.0,0.0,0.0,0.0,0.0,0.0,0.0,0.0,0,0.0,0.0,0.0,0.0,0.0,0.0,0.0
A000800,경남기업,20220831,1310,9010.0,9010.0,9010.0,9010.0,0.0,8.0,72000.0,0.0,0.0,0.0,0.0,0.0,0.0,0.0,0.0,0,0.0,0.0,0.0,0.0,0.0,0.0,0.0
A000800,경남기업,20220831,1151,9020.0,9020.0,9020.0,9020.0,0.0,20.0,180000.0,0.0,0.0,0.0,0.0,0.0,0.0,0.0,0.0,0,0.0,0.0,0.0,0.0,0.0,0.0,0.0
A000800,경남기업,20220916,1025,8600.0,8600.0,8600.0,8600.0,0.0,3.0,25000.0,0.0,0.0,0.0,0.0,0.0,0.0,0.0,0.0,0,0.0,0.0,0.0,0.0,0.0,0.0,0.0
A000800,경남기업,20220926,930,8200.0,8200.0,8200.0,8200.0,0.0,1.0,8000.0,0.0,0.0,0.0,0.0,0.0,0.0,0.0,0.0,0,0.0,0.0,0.0,0.0,0.0,0.0,0.0
A000800,경남기업,20220929,951,8000.0,8000.0,8000.0,8000.0,0.0,1.0,8000.0,0.0,0.0,0.0,0.0,0.0,0.0,0.0,0.0,0,0.0,0.0,0.0,0.0,0.0,0.0,0.0
A000800,경남기업,20221006,1226,8800.0,8800.0,8800.0,8800.0,0.0,5.0,44000.0,0.0,0.0,0.0,0.0,0.0,0.0,0.0,0.0,0,0.0,0.0,0.0,0.0,0.0,0.0,0.0
A000800,경남기업,20221011,1448,8000.0,8000.0,8000.0,8000.0,0.0,5.0,40000.0,0.0,0.0,0.0,0.0,0.0,0.0,0.0,0.0,0,0.0,0.0,0.0,0.0,0.0,0.0,0.0
A000800,경남기업,20221011,1240,8000.0,8000.0,8000.0,8000.0,0.0,5.0,40000.0,0.0,0.0,0.0,0.0,0.0,0.0,0.0,0.0,0,0.0,0.0,0.0,0.0,0.0,0.0,0.0
A000800,경남기업,20221011,1239,8600.0,8600.0,8200.0,8200.0,0.0,15.0,126000.0,0.0,0.0,0.0,0.0,0.0,0.0,0.0,0.0,0,0.0,0.0,0.0,0.0,0.0,0.0,0.0
A000800,경남기업,20221014,1212,8300.0,8300.0,8300.0,8300.0,0.0,7.0,58000.0,0.0,0.0,0.0,0.0,0.0,0.0,0.0,0.0,0,0.0,0.0,0.0,0.0,0.0,0.0,0.0
A000800,경남기업,20221017,1138,6110.0,6110.0,6110.0,6110.0,0.0,1.0,6000.0,0.0,0.0,0.0,0.0,0.0,0.0,0.0,0.0,0,0.0,0.0,0.0,0.0,0.0,0.0,0.0
A000800,경남기업,20221018,911,7940.0,7940.0,7940.0,7940.0,0.0,1.0,7000.0,0.0,0.0,0.0,0.0,0.0,0.0,0.0,0.0,0,0.0,0.0,0.0,0.0,0.0,0.0,0.0
A000800,경남기업,20221020,948,8000.0,8000.0,8000.0,8000.0,0.0,40.0,320000.0,0.0,0.0,0.0,0.0,0.0,0.0,0.0,0.0,0,0.0,0.0,0.0,0.0,0.0,0.0,0.0
A000800,경남기업,20221102,1032,9010.0,9010.0,8810.0,8810.0,0.0,225.0,2005000.0,0.0,0.0,0.0,0.0,0.0,0.0,0.0,0.0,0,0.0,0.0,0.0,0.0,0.0,0.0,0.0
A000800,경남기업,20221101,1511,9000.0,9000.0,9000.0,9000.0,0.0,5.0,45000.0,0.0,0.0,0.0,0.0,0.0,0.0,0.0,0.0,0,0.0,0.0,0.0,0.0,0.0,0.0,0.0
A000800,경남기업,20221101,1510,8600.0,8800.0,8600.0,8800.0,0.0,10.0,87000.0,0.0,0.0,0.0,0.0,0.0,0.0,0.0,0.0,0,0.0,0.0,0.0,0.0,0.0,0.0,0.0
A000800,경남기업,20221104,1502,8060.0,8060.0,8060.0,8060.0,0.0,9.0,73000.0,0.0,0.0,0.0,0.0,0.0,0.0,0.0,0.0,0,0.0,0.0,0.0,0.0,0.0,0.0,0.0
A000800,경남기업,20221104,1426,8060.0,8060.0,8060.0,8060.0,0.0,6.0,48000.0,0.0,0.0,0.0,0.0,0.0,0.0,0.0,0.0,0,0.0,0.0,0.0,0.0,0.0,0.0,0.0
A000800,경남기업,20221104,1418,8060.0,8060.0,8060.0,8060.0,0.0,1.0,8000.0,0.0,0.0,0.0,0.0,0.0,0.0,0.0,0.0,0,0.0,0.0,0.0,0.0,0.0,0.0,0.0
A000800,경남기업,20221104,1150,7210.0,7210.0,7210.0,7210.0,0.0,10.0,72000.0,0.0,0.0,0.0,0.0,0.0,0.0,0.0,0.0,0,0.0,0.0,0.0,0.0,0.0,0.0,0.0
A000800,경남기업,20221104,1047,7110.0,7110.0,7110.0,7110.0,0.0,10.0,71000.0,0.0,0.0,0.0,0.0,0.0,0.0,0.0,0.0,0,0.0,0.0,0.0,0.0,0.0,0.0,0.0
A000800,경남기업,20221104,1040,7110.0,7110.0,7110.0,7110.0,0.0,10.0,71000.0,0.0,0.0,0.0,0.0,0.0,0.0,0.0,0.0,0,0.0,0.0,0.0,0.0,0.0,0.0,0.0
A000800,경남기업,20221103,1527,8000.0,8000.0,8000.0,8000.0,0.0,20.0,160000.0,0.0,0.0,0.0,0.0,0.0,0.0,0.0,0.0,0,0.0,0.0,0.0,0.0,0.0,0.0,0.0
A000800,경남기업,20221103,1328,8000.0,8000.0,8000.0,8000.0,0.0,5.0,40000.0,0.0,0.0,0.0,0.0,0.0,0.0,0.0,0.0,0,0.0,0.0,0.0,0.0,0.0,0.0,0.0
A000800,경남기업,20221103,1002,8400.0,8400.0,8400.0,8400.0,0.0,5.0,42000.0,0.0,0.0,0.0,0.0,0.0,0.0,0.0,0.0,0,0.0,0.0,0.0,0.0,0.0,0.0,0.0
A000800,경남기업,20221108,1523,9380.0,9380.0,9380.0,9380.0,0.0,1.0,9000.0,0.0,0.0,0.0,0.0,0.0,0.0,0.0,0.0,0,0.0,0.0,0.0,0.0,0.0,0.0,0.0
A000800,경남기업,20221108,1409,7470.0,7470.0,7470.0,7470.0,0.0,1380.0,10309000.0,0.0,0.0,0.0,0.0,0.0,0.0,0.0,0.0,0,0.0,0.0,0.0,0.0,0.0,0.0,0.0
A000800,경남기업,20221108,1407,7470.0,7470.0,7470.0,7470.0,0.0,3.0,22000.0,0.0,0.0,0.0,0.0,0.0,0.0,0.0,0.0,0,0.0,0.0,0.0,0.0,0.0,0.0,0.0
A000800,경남기업,20221108,1406,7470.0,7470.0,7470.0,7470.0,0.0,19.0,142000.0,0.0,0.0,0.0,0.0,0.0,0.0,0.0,0.0,0,0.0,0.0,0.0,0.0,0.0,0.0,0.0
A000800,경남기업,20221108,1301,7610.0,7610.0,7510.0,7510.0,0.0,80.0,606000.0,0.0,0.0,0.0,0.0,0.0,0.0,0.0,0.0,0,0.0,0.0,0.0,0.0,0.0,0.0,0.0
A000800,경남기업,20221108,1104,7770.0,7770.0,7770.0,7770.0,0.0,50.0,388000.0,0.0,0.0,0.0,0.0,0.0,0.0,0.0,0.0,0,0.0,0.0,0.0,0.0,0.0,0.0,0.0
A000800,경남기업,20221108,1103,7780.0,7780.0,7780.0,7780.0,0.0,60.0,467000.0,0.0,0.0,0.0,0.0,0.0,0.0,0.0,0.0,0,0.0,0.0,0.0,0.0,0.0,0.0,0.0
A000800,경남기업,20221108,946,7470.0,7470.0,7470.0,7470.0,0.0,137.0,1023000.0,0.0,0.0,0.0,0.0,0.0,0.0,0.0,0.0,0,0.0,0.0,0.0,0.0,0.0,0.0,0.0
A000800,경남기업,20221107,1141,7470.0,7470.0,7470.0,7470.0,0.0,1.0,8000.0,0.0,0.0,0.0,0.0,0.0,0.0,0.0,0.0,0,0.0,0.0,0.0,0.0,0.0,0.0,0.0
A000800,경남기업,20221107,1030,7470.0,7470.0,7470.0,7470.0,0.0,8.0,59000.0,0.0,0.0,0.0,0.0,0.0,0.0,0.0,0.0,0,0.0,0.0,0.0,0.0,0.0,0.0,0.0
A000800,경남기업,20221107,1028,7470.0,7470.0,7470.0,7470.0,0.0,15.0,112000.0,0.0,0.0,0.0,0.0,0.0,0.0,0.0,0.0,0,0.0,0.0,0.0,0.0,0.0,0.0,0.0
A000800,경남기업,20221110,1520,7210.0,7210.0,7210.0,7210.0,0.0,1.0,8000.0,0.0,0.0,0.0,0.0,0.0,0.0,0.0,0.0,0,0.0,0.0,0.0,0.0,0.0,0.0,0.0
A000800,경남기업,20221110,1106,9960.0,9960.0,9960.0,9960.0,0.0,1.0,9000.0,0.0,0.0,0.0,0.0,0.0,0.0,0.0,0.0,0,0.0,0.0,0.0,0.0,0.0,0.0,0.0
A000800,경남기업,20221109,904,9750.0,9750.0,9750.0,9750.0,0.0,1.0,9000.0,0.0,0.0,0.0,0.0,0.0,0.0,0.0,0.0,0,0.0,0.0,0.0,0.0,0.0,0.0,0.0
A000800,경남기업,20221111,1334,8900.0,8900.0,8900.0,8900.0,0.0,103.0,917000.0,0.0,0.0,0.0,0.0,0.0,0.0,0.0,0.0,0,0.0,0.0,0.0,0.0,0.0,0.0,0.0
A000800,경남기업,20221111,1331,8890.0,8890.0,8890.0,8890.0,0.0,157.0,1395000.0,0.0,0.0,0.0,0.0,0.0,0.0,0.0,0.0,0,0.0,0.0,0.0,0.0,0.0,0.0,0.0
A000800,경남기업,20221114,1017,8050.0,8050.0,8010.0,8010.0,0.0,63.0,505000.0,0.0,0.0,0.0,0.0,0.0,0.0,0.0,0.0,0,0.0,0.0,0.0,0.0,0.0,0.0,0.0
A000800,경남기업,20221116,1125,9990.0,9990.0,9990.0,9990.0,0.0,1.0,9000.0,0.0,0.0,0.0,0.0,0.0,0.0,0.0,0.0,0,0.0,0.0,0.0,0.0,0.0,0.0,0.0
A000800,경남기업,20221115,1412,9500.0,10000.0,9500.0,10000.0,0.0,6.0,57000.0,0.0,0.0,0.0,0.0,0.0,0.0,0.0,0.0,0,0.0,0.0,0.0,0.0,0.0,0.0,0.0
A000800,경남기업,20221115,1411,9000.0,9000.0,9000.0,9000.0,0.0,75.0,675000.0,0.0,0.0,0.0,0.0,0.0,0.0,0.0,0.0,0,0.0,0.0,0.0,0.0,0.0,0.0,0.0
A000800,경남기업,20221115,1154,9000.0,9000.0,9000.0,9000.0,0.0,6.0,54000.0,0.0,0.0,0.0,0.0,0.0,0.0,0.0,0.0,0,0.0,0.0,0.0,0.0,0.0,0.0,0.0
A000800,경남기업,20221115,1144,9000.0,9000.0,9000.0,9000.0,0.0,5.0,45000.0,0.0,0.0,0.0,0.0,0.0,0.0,0.0,0.0,0,0.0,0.0,0.0,0.0,0.0,0.0,0.0
A000800,경남기업,20221117,1021,8500.0,8500.0,8500.0,8500.0,0.0,4.0,34000.0,0.0,0.0,0.0,0.0,0.0,0.0,0.0,0.0,0,0.0,0.0,0.0,0.0,0.0,0.0,0.0
A000800,경남기업,20221123,954,9500.0,9500.0,9500.0,9500.0,0.0,5.0,47000.0,0.0,0.0,0.0,0.0,0.0,0.0,0.0,0.0,0,0.0,0.0,0.0,0.0,0.0,0.0,0.0
A000800,경남기업,20221128,1527,9000.0,9000.0,9000.0,9000.0,0.0,5.0,45000.0,0.0,0.0,0.0,0.0,0.0,0.0,0.0,0.0,0,0.0,0.0,0.0,0.0,0.0,0.0,0.0
A000800,경남기업,20221130,1322,9210.0,9210.0,9210.0,9210.0,0.0,29.0,267000.0,0.0,0.0,0.0,0.0,0.0,0.0,0.0,0.0,0,0.0,0.0,0.0,0.0,0.0,0.0,0.0
A000800,경남기업,20221206,1008,8800.0,8800.0,8500.0,8500.0,0.0,58.0,502000.0,0.0,0.0,0.0,0.0,0.0,0.0,0.0,0.0,0,0.0,0.0,0.0,0.0,0.0,0.0,0.0
A000800,경남기업,20221207,1231,8160.0,8160.0,8150.0,8150.0,0.0,62.0,506000.0,0.0,0.0,0.0,0.0,0.0,0.0,0.0,0.0,0,0.0,0.0,0.0,0.0,0.0,0.0,0.0
A000800,경남기업,20221207,1230,8160.0,8160.0,8160.0,8160.0,0.0,80.0,652000.0,0.0,0.0,0.0,0.0,0.0,0.0,0.0,0.0,0,0.0,0.0,0.0,0.0,0.0,0.0,0.0
A000800,경남기업,20221212,1403,8160.0,8160.0,8160.0,8160.0,0.0,148.0,1207000.0,0.0,0.0,0.0,0.0,0.0,0.0,0.0,0.0,0,0.0,0.0,0.0,0.0,0.0,0.0,0.0
A000800,경남기업,20221222,1420,5950.0,5950.0,5950.0,5950.0,0.0,32.0,190000.0,0.0,0.0,0.0,0.0,0.0,0.0,0.0,0.0,0,0.0,0.0,0.0,0.0,0.0,0.0,0.0
A000800,경남기업,20221222,1419,7810.0,7810.0,7810.0,7810.0,0.0,30.0,235000.0,0.0,0.0,0.0,0.0,0.0,0.0,0.0,0.0,0,0.0,0.0,0.0,0.0,0.0,0.0,0.0
A000800,경남기업,20221222,1405,7800.0,7800.0,7800.0,7800.0,0.0,66.0,514000.0,0.0,0.0,0.0,0.0,0.0,0.0,0.0,0.0,0,0.0,0.0,0.0,0.0,0.0,0.0,0.0
A000800,경남기업,20221221,1447,8490.0,8490.0,8490.0,8490.0,0.0,1.0,8000.0,0.0,0.0,0.0,0.0,0.0,0.0,0.0,0.0,0,0.0,0.0,0.0,0.0,0.0,0.0,0.0
A000800,경남기업,20221223,1526,8870.0,8870.0,8870.0,8870.0,0.0,2.0,17000.0,0.0,0.0,0.0,0.0,0.0,0.0,0.0,0.0,0,0.0,0.0,0.0,0.0,0.0,0.0,0.0
A000800,경남기업,20230103,1523,8990.0,8990.0,8990.0,8990.0,0.0,1.0,9000.0,0.0,0.0,0.0,0.0,0.0,0.0,0.0,0.0,0,0.0,0.0,0.0,0.0,0.0,0.0,0.0
A000800,경남기업,20230103,1144,8000.0,8000.0,8000.0,8000.0,0.0,5.0,40000.0,0.0,0.0,0.0,0.0,0.0,0.0,0.0,0.0,0,0.0,0.0,0.0,0.0,0.0,0.0,0.0
A000800,경남기업,20230103,1141,8300.0,8300.0,8300.0,8300.0,0.0,5.0,41000.0,0.0,0.0,0.0,0.0,0.0,0.0,0.0,0.0,0,0.0,0.0,0.0,0.0,0.0,0.0,0.0
A000800,경남기업,20230103,1008,9000.0,9000.0,9000.0,9000.0,0.0,5.0,45000.0,0.0,0.0,0.0,0.0,0.0,0.0,0.0,0.0,0,0.0,0.0,0.0,0.0,0.0,0.0,0.0
A000800,경남기업,20230105,1517,8610.0,8610.0,8610.0,8610.0,0.0,73.0,629000.0,0.0,0.0,0.0,0.0,0.0,0.0,0.0,0.0,0,0.0,0.0,0.0,0.0,0.0,0.0,0.0
A000800,경남기업,20230105,1458,8600.0,8600.0,8600.0,8600.0,0.0,54.0,464000.0,0.0,0.0,0.0,0.0,0.0,0.0,0.0,0.0,0,0.0,0.0,0.0,0.0,0.0,0.0,0.0
A000800,경남기업,20230105,1448,8600.0,8600.0,8600.0,8600.0,0.0,45.0,387000.0,0.0,0.0,0.0,0.0,0.0,0.0,0.0,0.0,0,0.0,0.0,0.0,0.0,0.0,0.0,0.0
A000800,경남기업,20230105,1447,8410.0,8470.0,8410.0,8470.0,0.0,16.0,135000.0,0.0,0.0,0.0,0.0,0.0,0.0,0.0,0.0,0,0.0,0.0,0.0,0.0,0.0,0.0,0.0
A000800,경남기업,20230104,1427,8470.0,8470.0,8470.0,8470.0,0.0,1.0,9000.0,0.0,0.0,0.0,0.0,0.0,0.0,0.0,0.0,0,0.0,0.0,0.0,0.0,0.0,0.0,0.0
A000800,경남기업,20230104,1223,8470.0,8470.0,8470.0,8470.0,0.0,14.0,118000.0,0.0,0.0,0.0,0.0,0.0,0.0,0.0,0.0,0,0.0,0.0,0.0,0.0,0.0,0.0,0.0
A000800,경남기업,20230113,1003,8500.0,8500.0,8500.0,8500.0,0.0,10.0,85000.0,0.0,0.0,0.0,0.0,0.0,0.0,0.0,0.0,0,0.0,0.0,0.0,0.0,0.0,0.0,0.0
A000800,경남기업,20230112,1223,8600.0,8600.0,8600.0,8600.0,0.0,1.0,8000.0,0.0,0.0,0.0,0.0,0.0,0.0,0.0,0.0,0,0.0,0.0,0.0,0.0,0.0,0.0,0.0
A000800,경남기업,20230117,923,8000.0,8000.0,8000.0,8000.0,0.0,1.0,8000.0,0.0,0.0,0.0,0.0,0.0,0.0,0.0,0.0,0,0.0,0.0,0.0,0.0,0.0,0.0,0.0
A000800,경남기업,20230116,1529,7070.0,7070.0,7070.0,7070.0,0.0,2.0,14000.0,0.0,0.0,0.0,0.0,0.0,0.0,0.0,0.0,0,0.0,0.0,0.0,0.0,0.0,0.0,0.0
A000800,경남기업,20230116,1458,8590.0,8590.0,8590.0,8590.0,0.0,19.0,164000.0,0.0,0.0,0.0,0.0,0.0,0.0,0.0,0.0,0,0.0,0.0,0.0,0.0,0.0,0.0,0.0
A000800,경남기업,20230116,1343,5960.0,5960.0,5960.0,5960.0,0.0,1.0,5000.0,0.0,0.0,0.0,0.0,0.0,0.0,0.0,0.0,0,0.0,0.0,0.0,0.0,0.0,0.0,0.0
A000800,경남기업,20230119,1140,7000.0,7000.0,7000.0,7000.0,0.0,1.0,7000.0,0.0,0.0,0.0,0.0,0.0,0.0,0.0,0.0,0,0.0,0.0,0.0,0.0,0.0,0.0,0.0
A000800,경남기업,20230120,1032,8600.0,8600.0,8600.0,8600.0,0.0,2.0,17000.0,0.0,0.0,0.0,0.0,0.0,0.0,0.0,0.0,0,0.0,0.0,0.0,0.0,0.0,0.0,0.0
A000800,경남기업,20230127,1358,7500.0,7500.0,7500.0,7500.0,0.0,99.0,742000.0,0.0,0.0,0.0,0.0,0.0,0.0,0.0,0.0,0,0.0,0.0,0.0,0.0,0.0,0.0,0.0
A000800,경남기업,20230127,935,6020.0,6020.0,6020.0,6020.0,0.0,1.0,6000.0,0.0,0.0,0.0,0.0,0.0,0.0,0.0,0.0,0,0.0,0.0,0.0,0.0,0.0,0.0,0.0
A000800,경남기업,20230131,1017,8000.0,8000.0,8000.0,8000.0,0.0,2.0,16000.0,0.0,0.0,0.0,0.0,0.0,0.0,0.0,0.0,0,0.0,0.0,0.0,0.0,0.0,0.0,0.0
A000800,경남기업,20230203,1520,7500.0,7500.0,7500.0,7500.0,0.0,6.0,45000.0,0.0,0.0,0.0,0.0,0.0,0.0,0.0,0.0,0,0.0,0.0,0.0,0.0,0.0,0.0,0.0
A000800,경남기업,20230206,1511,8500.0,8500.0,8500.0,8500.0,0.0,5.0,42000.0,0.0,0.0,0.0,0.0,0.0,0.0,0.0,0.0,0,0.0,0.0,0.0,0.0,0.0,0.0,0.0
A000800,경남기업,20230213,1001,8000.0,8000.0,8000.0,8000.0,0.0,5.0,40000.0,0.0,0.0,0.0,0.0,0.0,0.0,0.0,0.0,0,0.0,0.0,0.0,0.0,0.0,0.0,0.0
A000800,경남기업,20230228,1521,8490.0,8490.0,8490.0,8490.0,0.0,1.0,8000.0,0.0,0.0,0.0,0.0,0.0,0.0,0.0,0.0,0,0.0,0.0,0.0,0.0,0.0,0.0,0.0
A000800,경남기업,20230228,1519,8490.0,8490.0,8490.0,8490.0,0.0,1.0,9000.0,0.0,0.0,0.0,0.0,0.0,0.0,0.0,0.0,0,0.0,0.0,0.0,0.0,0.0,0.0,0.0
A000800,경남기업,20230228,1100,6010.0,6010.0,6010.0,6010.0,0.0,90.0,540000.0,0.0,0.0,0.0,0.0,0.0,0.0,0.0,0.0,0,0.0,0.0,0.0,0.0,0.0,0.0,0.0
A000800,경남기업,20230228,1058,7000.0,7000.0,7000.0,7000.0,0.0,5.0,35000.0,0.0,0.0,0.0,0.0,0.0,0.0,0.0,0.0,0,0.0,0.0,0.0,0.0,0.0,0.0,0.0
A000800,경남기업,20230302,923,5960.0,5960.0,5960.0,5960.0,0.0,590.0,3516000.0,0.0,0.0,0.0,0.0,0.0,0.0,0.0,0.0,0,0.0,0.0,0.0,0.0,0.0,0.0,0.0
A000800,경남기업,20230306,1456,6010.0,6010.0,6010.0,6010.0,0.0,100.0,601000.0,0.0,0.0,0.0,0.0,0.0,0.0,0.0,0.0,0,0.0,0.0,0.0,0.0,0.0,0.0,0.0
A000800,경남기업,20230308,1525,7560.0,7560.0,7560.0,7560.0,0.0,1.0,7000.0,0.0,0.0,0.0,0.0,0.0,0.0,0.0,0.0,0,0.0,0.0,0.0,0.0,0.0,0.0,0.0
A000800,경남기업,20230308,1514,5840.0,5840.0,5840.0,5840.0,0.0,19.0,111000.0,0.0,0.0,0.0,0.0,0.0,0.0,0.0,0.0,0,0.0,0.0,0.0,0.0,0.0,0.0,0.0
A000800,경남기업,20230308,1502,5840.0,5840.0,5840.0,5840.0,0.0,11.0,64000.0,0.0,0.0,0.0,0.0,0.0,0.0,0.0,0.0,0,0.0,0.0,0.0,0.0,0.0,0.0,0.0
A000800,경남기업,20230308,1434,5840.0,5840.0,5840.0,5840.0,0.0,50.0,292000.0,0.0,0.0,0.0,0.0,0.0,0.0,0.0,0.0,0,0.0,0.0,0.0,0.0,0.0,0.0,0.0
A000800,경남기업,20230308,1221,5850.0,5850.0,5840.0,5840.0,0.0,50.0,292000.0,0.0,0.0,0.0,0.0,0.0,0.0,0.0,0.0,0,0.0,0.0,0.0,0.0,0.0,0.0,0.0
A000800,경남기업,20230307,1528,7580.0,7580.0,7580.0,7580.0,0.0,2.0,15000.0,0.0,0.0,0.0,0.0,0.0,0.0,0.0,0.0,0,0.0,0.0,0.0,0.0,0.0,0.0,0.0
A000800,경남기업,20230307,1417,7580.0,7580.0,7580.0,7580.0,0.0,1.0,7000.0,0.0,0.0,0.0,0.0,0.0,0.0,0.0,0.0,0,0.0,0.0,0.0,0.0,0.0,0.0,0.0
A000800,경남기업,20230307,1416,5710.0,5710.0,5710.0,5710.0,0.0,51.0,291000.0,0.0,0.0,0.0,0.0,0.0,0.0,0.0,0.0,0,0.0,0.0,0.0,0.0,0.0,0.0,0.0
A000800,경남기업,20230310,1529,7680.0,7680.0,7680.0,7680.0,0.0,1.0,8000.0,0.0,0.0,0.0,0.0,0.0,0.0,0.0,0.0,0,0.0,0.0,0.0,0.0,0.0,0.0,0.0
A000800,경남기업,20230310,939,5910.0,7680.0,5910.0,7680.0,0.0,3.0,19000.0,0.0,0.0,0.0,0.0,0.0,0.0,0.0,0.0,0,0.0,0.0,0.0,0.0,0.0,0.0,0.0
A000800,경남기업,20230309,1522,7590.0,7590.0,7590.0,7590.0,0.0,1.0,7000.0,0.0,0.0,0.0,0.0,0.0,0.0,0.0,0.0,0,0.0,0.0,0.0,0.0,0.0,0.0,0.0
A000800,경남기업,20230309,1350,7610.0,7610.0,7610.0,7610.0,0.0,1.0,8000.0,0.0,0.0,0.0,0.0,0.0,0.0,0.0,0.0,0,0.0,0.0,0.0,0.0,0.0,0.0,0.0
A000800,경남기업,20230309,1105,7610.0,7610.0,7610.0,7610.0,0.0,1.0,7000.0,0.0,0.0,0.0,0.0,0.0,0.0,0.0,0.0,0,0.0,0.0,0.0,0.0,0.0,0.0,0.0
A000800,경남기업,20230309,1103,5680.0,5680.0,5680.0,5680.0,0.0,30.0,171000.0,0.0,0.0,0.0,0.0,0.0,0.0,0.0,0.0,0,0.0,0.0,0.0,0.0,0.0,0.0,0.0
A000800,경남기업,20230309,1002,7610.0,7610.0,7610.0,7610.0,0.0,1.0,7000.0,0.0,0.0,0.0,0.0,0.0,0.0,0.0,0.0,0,0.0,0.0,0.0,0.0,0.0,0.0,0.0
A000800,경남기업,20230314,1522,8340.0,8340.0,8340.0,8340.0,0.0,1.0,9000.0,0.0,0.0,0.0,0.0,0.0,0.0,0.0,0.0,0,0.0,0.0,0.0,0.0,0.0,0.0,0.0
A000800,경남기업,20230314,1455,8390.0,8390.0,8390.0,8390.0,0.0,1.0,8000.0,0.0,0.0,0.0,0.0,0.0,0.0,0.0,0.0,0,0.0,0.0,0.0,0.0,0.0,0.0,0.0
A000800,경남기업,20230314,1144,6010.0,6010.0,6010.0,6010.0,0.0,50.0,300000.0,0.0,0.0,0.0,0.0,0.0,0.0,0.0,0.0,0,0.0,0.0,0.0,0.0,0.0,0.0,0.0
A000800,경남기업,20230314,936,8440.0,8440.0,8440.0,8440.0,0.0,100.0,844000.0,0.0,0.0,0.0,0.0,0.0,0.0,0.0,0.0,0,0.0,0.0,0.0,0.0,0.0,0.0,0.0
A000800,경남기업,20230313,1529,8430.0,8430.0,8430.0,8430.0,0.0,1.0,8000.0,0.0,0.0,0.0,0.0,0.0,0.0,0.0,0.0,0,0.0,0.0,0.0,0.0,0.0,0.0,0.0
A000800,경남기업,20230316,1529,8390.0,8390.0,8390.0,8390.0,0.0,1.0,9000.0,0.0,0.0,0.0,0.0,0.0,0.0,0.0,0.0,0,0.0,0.0,0.0,0.0,0.0,0.0,0.0
A000800,경남기업,20230316,1522,8390.0,8390.0,8390.0,8390.0,0.0,1.0,8000.0,0.0,0.0,0.0,0.0,0.0,0.0,0.0,0.0,0,0.0,0.0,0.0,0.0,0.0,0.0,0.0
A000800,경남기업,20230316,1357,8470.0,8470.0,8470.0,8470.0,0.0,1.0,8000.0,0.0,0.0,0.0,0.0,0.0,0.0,0.0,0.0,0,0.0,0.0,0.0,0.0,0.0,0.0,0.0
A000800,경남기업,20230315,1515,8370.0,8370.0,8370.0,8370.0,0.0,1.0,8000.0,0.0,0.0,0.0,0.0,0.0,0.0,0.0,0.0,0,0.0,0.0,0.0,0.0,0.0,0.0,0.0
A000800,경남기업,20230317,1525,8410.0,8410.0,8410.0,8410.0,0.0,1.0,8000.0,0.0,0.0,0.0,0.0,0.0,0.0,0.0,0.0,0,0.0,0.0,0.0,0.0,0.0,0.0,0.0
A000800,경남기업,20230317,1130,8000.0,8000.0,8000.0,8000.0,0.0,1.0,8000.0,0.0,0.0,0.0,0.0,0.0,0.0,0.0,0.0,0,0.0,0.0,0.0,0.0,0.0,0.0,0.0
A000800,경남기업,20230317,1128,8410.0,8410.0,8410.0,8410.0,0.0,1.0,8000.0,0.0,0.0,0.0,0.0,0.0,0.0,0.0,0.0,0,0.0,0.0,0.0,0.0,0.0,0.0,0.0
A000800,경남기업,20230322,1226,7760.0,7760.0,7760.0,7760.0,0.0,1.0,7000.0,0.0,0.0,0.0,0.0,0.0,0.0,0.0,0.0,0,0.0,0.0,0.0,0.0,0.0,0.0,0.0
A000800,경남기업,20230321,1526,8270.0,8270.0,8270.0,8270.0,0.0,1.0,8000.0,0.0,0.0,0.0,0.0,0.0,0.0,0.0,0.0,0,0.0,0.0,0.0,0.0,0.0,0.0,0.0
A000800,경남기업,20230321,1519,7800.0,8270.0,7500.0,8270.0,0.0,12.0,92000.0,0.0,0.0,0.0,0.0,0.0,0.0,0.0,0.0,0,0.0,0.0,0.0,0.0,0.0,0.0,0.0
A000800,경남기업,20230324,1528,7980.0,7980.0,7980.0,7980.0,0.0,1.0,7000.0,0.0,0.0,0.0,0.0,0.0,0.0,0.0,0.0,0,0.0,0.0,0.0,0.0,0.0,0.0,0.0
A000800,경남기업,20230324,1159,7500.0,7500.0,7500.0,7500.0,0.0,1.0,8000.0,0.0,0.0,0.0,0.0,0.0,0.0,0.0,0.0,0,0.0,0.0,0.0,0.0,0.0,0.0,0.0
A000800,경남기업,20230324,944,7500.0,7500.0,7500.0,7500.0,0.0,5.0,37000.0,0.0,0.0,0.0,0.0,0.0,0.0,0.0,0.0,0,0.0,0.0,0.0,0.0,0.0,0.0,0.0
A000800,경남기업,20230323,1528,8060.0,8060.0,8060.0,8060.0,0.0,1.0,8000.0,0.0,0.0,0.0,0.0,0.0,0.0,0.0,0.0,0,0.0,0.0,0.0,0.0,0.0,0.0,0.0
A000800,경남기업,20230328,1528,8450.0,8450.0,8450.0,8450.0,0.0,2.0,17000.0,0.0,0.0,0.0,0.0,0.0,0.0,0.0,0.0,0,0.0,0.0,0.0,0.0,0.0,0.0,0.0
A000800,경남기업,20230328,1430,6810.0,6810.0,6810.0,6810.0,0.0,1.0,6000.0,0.0,0.0,0.0,0.0,0.0,0.0,0.0,0.0,0,0.0,0.0,0.0,0.0,0.0,0.0,0.0
A000800,경남기업,20230327,1528,8390.0,8390.0,8390.0,8390.0,0.0,1.0,8000.0,0.0,0.0,0.0,0.0,0.0,0.0,0.0,0.0,0,0.0,0.0,0.0,0.0,0.0,0.0,0.0
A000800,경남기업,20230330,1526,8440.0,8440.0,8440.0,8440.0,0.0,1.0,9000.0,0.0,0.0,0.0,0.0,0.0,0.0,0.0,0.0,0,0.0,0.0,0.0,0.0,0.0,0.0,0.0
A000800,경남기업,20230330,1325,7910.0,7910.0,7910.0,7910.0,0.0,1.0,7000.0,0.0,0.0,0.0,0.0,0.0,0.0,0.0,0.0,0,0.0,0.0,0.0,0.0,0.0,0.0,0.0
A000800,경남기업,20230331,1527,8390.0,8390.0,8390.0,8390.0,0.0,1.0,8000.0,0.0,0.0,0.0,0.0,0.0,0.0,0.0,0.0,0,0.0,0.0,0.0,0.0,0.0,0.0,0.0
A000800,경남기업,20230407,1526,7810.0,7810.0,7810.0,7810.0,0.0,1.0,8000.0,0.0,0.0,0.0,0.0,0.0,0.0,0.0,0.0,0,0.0,0.0,0.0,0.0,0.0,0.0,0.0
A000800,경남기업,20230407,1520,8680.0,8680.0,7810.0,7810.0,0.0,2.0,16000.0,0.0,0.0,0.0,0.0,0.0,0.0,0.0,0.0,0,0.0,0.0,0.0,0.0,0.0,0.0,0.0
A000800,경남기업,20230406,1133,8470.0,8470.0,8470.0,8470.0,0.0,54.0,457000.0,0.0,0.0,0.0,0.0,0.0,0.0,0.0,0.0,0,0.0,0.0,0.0,0.0,0.0,0.0,0.0
A000800,경남기업,20230406,1132,8400.0,8400.0,8400.0,8400.0,0.0,55.0,462000.0,0.0,0.0,0.0,0.0,0.0,0.0,0.0,0.0,0,0.0,0.0,0.0,0.0,0.0,0.0,0.0
A000800,경남기업,20230406,1117,8390.0,8390.0,8390.0,8390.0,0.0,1.0,9000.0,0.0,0.0,0.0,0.0,0.0,0.0,0.0,0.0,0,0.0,0.0,0.0,0.0,0.0,0.0,0.0
A000800,경남기업,20230406,1116,8380.0,8380.0,8380.0,8380.0,0.0,160.0,1340000.0,0.0,0.0,0.0,0.0,0.0,0.0,0.0,0.0,0,0.0,0.0,0.0,0.0,0.0,0.0,0.0
A000800,경남기업,20230411,1530,6890.0,6890.0,6890.0,6890.0,0.0,1.0,7000.0,0.0,0.0,0.0,0.0,0.0,0.0,0.0,0.0,0,0.0,0.0,0.0,0.0,0.0,0.0,0.0
A000800,경남기업,20230411,1529,7800.0,7800.0,7800.0,7800.0,0.0,1.0,8000.0,0.0,0.0,0.0,0.0,0.0,0.0,0.0,0.0,0,0.0,0.0,0.0,0.0,0.0,0.0,0.0
A000800,경남기업,20230411,1527,7800.0,7800.0,6890.0,6890.0,0.0,2.0,15000.0,0.0,0.0,0.0,0.0,0.0,0.0,0.0,0.0,0,0.0,0.0,0.0,0.0,0.0,0.0,0.0
A000800,경남기업,20230411,911,6610.0,6610.0,6610.0,6610.0,0.0,7.0,46000.0,0.0,0.0,0.0,0.0,0.0,0.0,0.0,0.0,0,0.0,0.0,0.0,0.0,0.0,0.0,0.0
A000800,경남기업,20230411,910,7500.0,7500.0,6800.0,6800.0,0.0,15.0,106000.0,0.0,0.0,0.0,0.0,0.0,0.0,0.0,0.0,0,0.0,0.0,0.0,0.0,0.0,0.0,0.0
A000800,경남기업,20230410,1522,6020.0,6020.0,6020.0,6020.0,0.0,1.0,6000.0,0.0,0.0,0.0,0.0,0.0,0.0,0.0,0.0,0,0.0,0.0,0.0,0.0,0.0,0.0,0.0
A000800,경남기업,20230410,1458,7810.0,7810.0,7810.0,7810.0,0.0,3.0,24000.0,0.0,0.0,0.0,0.0,0.0,0.0,0.0,0.0,0,0.0,0.0,0.0,0.0,0.0,0.0,0.0
A000800,경남기업,20230410,1330,7810.0,7810.0,7810.0,7810.0,0.0,2.0,15000.0,0.0,0.0,0.0,0.0,0.0,0.0,0.0,0.0,0,0.0,0.0,0.0,0.0,0.0,0.0,0.0
A000800,경남기업,20230410,1329,7810.0,7810.0,7810.0,7810.0,0.0,2.0,16000.0,0.0,0.0,0.0,0.0,0.0,0.0,0.0,0.0,0,0.0,0.0,0.0,0.0,0.0,0.0,0.0
A000800,경남기업,20230410,1328,7810.0,7810.0,7810.0,7810.0,0.0,2.0,16000.0,0.0,0.0,0.0,0.0,0.0,0.0,0.0,0.0,0,0.0,0.0,0.0,0.0,0.0,0.0,0.0
A000800,경남기업,20230410,1025,9850.0,9850.0,9850.0,9850.0,0.0,1.0,9000.0,0.0,0.0,0.0,0.0,0.0,0.0,0.0,0.0,0,0.0,0.0,0.0,0.0,0.0,0.0,0.0
A000800,경남기업,20230413,1524,6320.0,6320.0,6320.0,6320.0,0.0,1.0,6000.0,0.0,0.0,0.0,0.0,0.0,0.0,0.0,0.0,0,0.0,0.0,0.0,0.0,0.0,0.0,0.0
A000800,경남기업,20230413,1148,8080.0,8080.0,8080.0,8080.0,0.0,7.0,56000.0,0.0,0.0,0.0,0.0,0.0,0.0,0.0,0.0,0,0.0,0.0,0.0,0.0,0.0,0.0,0.0
A000800,경남기업,20230412,1525,6220.0,6220.0,6220.0,6220.0,0.0,1.0,6000.0,0.0,0.0,0.0,0.0,0.0,0.0,0.0,0.0,0,0.0,0.0,0.0,0.0,0.0,0.0,0.0
A000800,경남기업,20230414,1530,6040.0,6040.0,6040.0,6040.0,0.0,1.0,6000.0,0.0,0.0,0.0,0.0,0.0,0.0,0.0,0.0,0,0.0,0.0,0.0,0.0,0.0,0.0,0.0
A000800,경남기업,20230414,1529,8360.0,8360.0,8360.0,8360.0,0.0,1.0,8000.0,0.0,0.0,0.0,0.0,0.0,0.0,0.0,0.0,0,0.0,0.0,0.0,0.0,0.0,0.0,0.0
A000800,경남기업,20230414,1520,6040.0,6040.0,6040.0,6040.0,0.0,1.0,6000.0,0.0,0.0,0.0,0.0,0.0,0.0,0.0,0.0,0,0.0,0.0,0.0,0.0,0.0,0.0,0.0
A000800,경남기업,20230417,1530,6230.0,6230.0,6230.0,6230.0,0.0,1.0,7000.0,0.0,0.0,0.0,0.0,0.0,0.0,0.0,0.0,0,0.0,0.0,0.0,0.0,0.0,0.0,0.0
A000800,경남기업,20230417,1529,8760.0,8760.0,8760.0,8760.0,0.0,1.0,8000.0,0.0,0.0,0.0,0.0,0.0,0.0,0.0,0.0,0,0.0,0.0,0.0,0.0,0.0,0.0,0.0
A000800,경남기업,20230417,1528,6210.0,6210.0,6210.0,6210.0,0.0,1.0,6000.0,0.0,0.0,0.0,0.0,0.0,0.0,0.0,0.0,0,0.0,0.0,0.0,0.0,0.0,0.0,0.0
A000800,경남기업,20230419,1522,6020.0,6020.0,6020.0,6020.0,0.0,1.0,6000.0,0.0,0.0,0.0,0.0,0.0,0.0,0.0,0.0,0,0.0,0.0,0.0,0.0,0.0,0.0,0.0
A000800,경남기업,20230418,1517,6680.0,6680.0,6680.0,6680.0,0.0,1.0,6000.0,0.0,0.0,0.0,0.0,0.0,0.0,0.0,0.0,0,0.0,0.0,0.0,0.0,0.0,0.0,0.0
A000800,경남기업,20230420,1527,6330.0,6330.0,6330.0,6330.0,0.0,1.0,6000.0,0.0,0.0,0.0,0.0,0.0,0.0,0.0,0.0,0,0.0,0.0,0.0,0.0,0.0,0.0,0.0
A000800,경남기업,20230420,938,7800.0,7800.0,7800.0,7800.0,0.0,2.0,15000.0,0.0,0.0,0.0,0.0,0.0,0.0,0.0,0.0,0,0.0,0.0,0.0,0.0,0.0,0.0,0.0
A000800,경남기업,20230425,1522,5870.0,5870.0,5870.0,5870.0,0.0,1.0,6000.0,0.0,0.0,0.0,0.0,0.0,0.0,0.0,0.0,0,0.0,0.0,0.0,0.0,0.0,0.0,0.0
A000800,경남기업,20230425,1306,7890.0,7890.0,7890.0,7890.0,0.0,1.0,7000.0,0.0,0.0,0.0,0.0,0.0,0.0,0.0,0.0,0,0.0,0.0,0.0,0.0,0.0,0.0,0.0
A000800,경남기업,20230424,1517,6070.0,6070.0,6070.0,6070.0,0.0,1.0,6000.0,0.0,0.0,0.0,0.0,0.0,0.0,0.0,0.0,0,0.0,0.0,0.0,0.0,0.0,0.0,0.0
A000800,경남기업,20230426,1521,6100.0,6100.0,6100.0,6100.0,0.0,1.0,7000.0,0.0,0.0,0.0,0.0,0.0,0.0,0.0,0.0,0,0.0,0.0,0.0,0.0,0.0,0.0,0.0
A000800,경남기업,20230426,1128,7990.0,8000.0,7990.0,8000.0,0.0,6.0,47000.0,0.0,0.0,0.0,0.0,0.0,0.0,0.0,0.0,0,0.0,0.0,0.0,0.0,0.0,0.0,0.0
A000800,경남기업,20230428,1524,6160.0,6160.0,6160.0,6160.0,0.0,1.0,6000.0,0.0,0.0,0.0,0.0,0.0,0.0,0.0,0.0,0,0.0,0.0,0.0,0.0,0.0,0.0,0.0
A000800,경남기업,20230502,906,6160.0,6160.0,6160.0,6160.0,0.0,1.0,6000.0,0.0,0.0,0.0,0.0,0.0,0.0,0.0,0.0,0,0.0,0.0,0.0,0.0,0.0,0.0,0.0
A000800,경남기업,20230504,1523,6010.0,6010.0,6010.0,6010.0,0.0,1.0,6000.0,0.0,0.0,0.0,0.0,0.0,0.0,0.0,0.0,0,0.0,0.0,0.0,0.0,0.0,0.0,0.0
A000800,경남기업,20230509,1529,6200.0,6200.0,6200.0,6200.0,0.0,1.0,6000.0,0.0,0.0,0.0,0.0,0.0,0.0,0.0,0.0,0,0.0,0.0,0.0,0.0,0.0,0.0,0.0
A000800,경남기업,20230511,1520,7950.0,7950.0,7950.0,7950.0,0.0,1.0,7000.0,0.0,0.0,0.0,0.0,0.0,0.0,0.0,0.0,0,0.0,0.0,0.0,0.0,0.0,0.0,0.0
A000800,경남기업,20230510,1521,7980.0,7980.0,7980.0,7980.0,0.0,1.0,8000.0,0.0,0.0,0.0,0.0,0.0,0.0,0.0,0.0,0,0.0,0.0,0.0,0.0,0.0,0.0,0.0
A000800,경남기업,20230510,1457,6230.0,6230.0,6230.0,6230.0,0.0,1.0,6000.0,0.0,0.0,0.0,0.0,0.0,0.0,0.0,0.0,0,0.0,0.0,0.0,0.0,0.0,0.0,0.0
A000800,경남기업,20230510,1234,6230.0,6230.0,6230.0,6230.0,0.0,40.0,249000.0,0.0,0.0,0.0,0.0,0.0,0.0,0.0,0.0,0,0.0,0.0,0.0,0.0,0.0,0.0,0.0
A000800,경남기업,20230510,1224,6230.0,6230.0,6230.0,6230.0,0.0,96.0,598000.0,0.0,0.0,0.0,0.0,0.0,0.0,0.0,0.0,0,0.0,0.0,0.0,0.0,0.0,0.0,0.0
A000800,경남기업,20230512,1521,8000.0,8000.0,8000.0,8000.0,0.0,1.0,8000.0,0.0,0.0,0.0,0.0,0.0,0.0,0.0,0.0,0,0.0,0.0,0.0,0.0,0.0,0.0,0.0
A000800,경남기업,20230512,1519,6220.0,8000.0,6220.0,8000.0,0.0,51.0,319000.0,0.0,0.0,0.0,0.0,0.0,0.0,0.0,0.0,0,0.0,0.0,0.0,0.0,0.0,0.0,0.0
A000800,경남기업,20230512,1517,8000.0,8000.0,8000.0,8000.0,0.0,1.0,8000.0,0.0,0.0,0.0,0.0,0.0,0.0,0.0,0.0,0,0.0,0.0,0.0,0.0,0.0,0.0,0.0
A000800,경남기업,20230512,1215,6130.0,6130.0,6130.0,6130.0,0.0,1.0,6000.0,0.0,0.0,0.0,0.0,0.0,0.0,0.0,0.0,0,0.0,0.0,0.0,0.0,0.0,0.0,0.0
A000800,경남기업,20230512,1214,8000.0,8000.0,8000.0,8000.0,0.0,1.0,8000.0,0.0,0.0,0.0,0.0,0.0,0.0,0.0,0.0,0,0.0,0.0,0.0,0.0,0.0,0.0,0.0
A000800,경남기업,20230512,919,6000.0,6000.0,6000.0,6000.0,0.0,65.0,390000.0,0.0,0.0,0.0,0.0,0.0,0.0,0.0,0.0,0,0.0,0.0,0.0,0.0,0.0,0.0,0.0
A000800,경남기업,20230515,1528,7910.0,7910.0,7910.0,7910.0,0.0,2.0,15000.0,0.0,0.0,0.0,0.0,0.0,0.0,0.0,0.0,0,0.0,0.0,0.0,0.0,0.0,0.0,0.0
A000800,경남기업,20230517,1525,7970.0,7970.0,7970.0,7970.0,0.0,1.0,7000.0,0.0,0.0,0.0,0.0,0.0,0.0,0.0,0.0,0,0.0,0.0,0.0,0.0,0.0,0.0,0.0
A000800,경남기업,20230516,1503,7990.0,7990.0,7990.0,7990.0,0.0,1.0,8000.0,0.0,0.0,0.0,0.0,0.0,0.0,0.0,0.0,0,0.0,0.0,0.0,0.0,0.0,0.0,0.0
A000800,경남기업,20230516,1014,7000.0,7000.0,7000.0,7000.0,0.0,5.0,35000.0,0.0,0.0,0.0,0.0,0.0,0.0,0.0,0.0,0,0.0,0.0,0.0,0.0,0.0,0.0,0.0
A000800,경남기업,20230516,906,7500.0,7500.0,7000.0,7000.0,0.0,10.0,72000.0,0.0,0.0,0.0,0.0,0.0,0.0,0.0,0.0,0,0.0,0.0,0.0,0.0,0.0,0.0,0.0
A000800,경남기업,20230519,1527,8370.0,8370.0,8370.0,8370.0,0.0,1.0,8000.0,0.0,0.0,0.0,0.0,0.0,0.0,0.0,0.0,0,0.0,0.0,0.0,0.0,0.0,0.0,0.0
A000800,경남기업,20230519,1324,7500.0,7500.0,7500.0,7500.0,0.0,6.0,45000.0,0.0,0.0,0.0,0.0,0.0,0.0,0.0,0.0,0,0.0,0.0,0.0,0.0,0.0,0.0,0.0
A000800,경남기업,20230518,1528,8350.0,8350.0,8350.0,8350.0,0.0,1.0,8000.0,0.0,0.0,0.0,0.0,0.0,0.0,0.0,0.0,0,0.0,0.0,0.0,0.0,0.0,0.0,0.0
A000800,경남기업,20230523,1408,8390.0,8390.0,8390.0,8390.0,0.0,1.0,8000.0,0.0,0.0,0.0,0.0,0.0,0.0,0.0,0.0,0,0.0,0.0,0.0,0.0,0.0,0.0,0.0
A000800,경남기업,20230522,1520,7990.0,7990.0,7990.0,7990.0,0.0,1.0,7000.0,0.0,0.0,0.0,0.0,0.0,0.0,0.0,0.0,0,0.0,0.0,0.0,0.0,0.0,0.0,0.0
A000800,경남기업,20230525,1523,7990.0,7990.0,7990.0,7990.0,0.0,1.0,7000.0,0.0,0.0,0.0,0.0,0.0,0.0,0.0,0.0,0,0.0,0.0,0.0,0.0,0.0,0.0,0.0
A000800,경남기업,20230524,1107,7010.0,7010.0,7000.0,7000.0,0.0,6.0,42000.0,0.0,0.0,0.0,0.0,0.0,0.0,0.0,0.0,0,0.0,0.0,0.0,0.0,0.0,0.0,0.0
A000800,경남기업,20230524,1043,7010.0,7010.0,7010.0,7010.0,0.0,10.0,71000.0,0.0,0.0,0.0,0.0,0.0,0.0,0.0,0.0,0,0.0,0.0,0.0,0.0,0.0,0.0,0.0
A000800,경남기업,20230524,1039,7010.0,7010.0,7010.0,7010.0,0.0,40.0,280000.0,0.0,0.0,0.0,0.0,0.0,0.0,0.0,0.0,0,0.0,0.0,0.0,0.0,0.0,0.0,0.0
A000800,경남기업,20230524,934,7500.0,7500.0,7500.0,7500.0,0.0,5.0,37000.0,0.0,0.0,0.0,0.0,0.0,0.0,0.0,0.0,0,0.0,0.0,0.0,0.0,0.0,0.0,0.0
A000800,경남기업,20230526,1529,8490.0,8490.0,8490.0,8490.0,0.0,1.0,8000.0,0.0,0.0,0.0,0.0,0.0,0.0,0.0,0.0,0,0.0,0.0,0.0,0.0,0.0,0.0,0.0
A000800,경남기업,20230531,1529,8990.0,8990.0,8990.0,8990.0,0.0,1.0,9000.0,0.0,0.0,0.0,0.0,0.0,0.0,0.0,0.0,0,0.0,0.0,0.0,0.0,0.0,0.0,0.0
A000800,경남기업,20230531,922,8000.0,8000.0,8000.0,8000.0,0.0,5.0,40000.0,0.0,0.0,0.0,0.0,0.0,0.0,0.0,0.0,0,0.0,0.0,0.0,0.0,0.0,0.0,0.0
A000800,경남기업,20230531,914,8500.0,8500.0,8500.0,8500.0,0.0,5.0,42000.0,0.0,0.0,0.0,0.0,0.0,0.0,0.0,0.0,0,0.0,0.0,0.0,0.0,0.0,0.0,0.0
A000800,경남기업,20230530,1519,9480.0,9480.0,9480.0,9480.0,0.0,1.0,9000.0,0.0,0.0,0.0,0.0,0.0,0.0,0.0,0.0,0,0.0,0.0,0.0,0.0,0.0,0.0,0.0
A000800,경남기업,20230602,1529,6540.0,6540.0,6540.0,6540.0,0.0,1.0,6000.0,0.0,0.0,0.0,0.0,0.0,0.0,0.0,0.0,0,0.0,0.0,0.0,0.0,0.0,0.0,0.0
A000800,경남기업,20230601,1525,6060.0,6060.0,6060.0,6060.0,0.0,1.0,6000.0,0.0,0.0,0.0,0.0,0.0,0.0,0.0,0.0,0,0.0,0.0,0.0,0.0,0.0,0.0,0.0
A000800,경남기업,20230601,1213,7000.0,7000.0,7000.0,7000.0,0.0,1.0,7000.0,0.0,0.0,0.0,0.0,0.0,0.0,0.0,0.0,0,0.0,0.0,0.0,0.0,0.0,0.0,0.0
A000800,경남기업,20230601,1054,7000.0,7000.0,7000.0,7000.0,0.0,100.0,700000.0,0.0,0.0,0.0,0.0,0.0,0.0,0.0,0.0,0,0.0,0.0,0.0,0.0,0.0,0.0,0.0
A000800,경남기업,20230605,1530,7950.0,7950.0,7950.0,7950.0,0.0,1.0,7000.0,0.0,0.0,0.0,0.0,0.0,0.0,0.0,0.0,0,0.0,0.0,0.0,0.0,0.0,0.0,0.0
A000800,경남기업,20230608,1522,6010.0,6010.0,6010.0,6010.0,0.0,1.0,6000.0,0.0,0.0,0.0,0.0,0.0,0.0,0.0,0.0,0,0.0,0.0,0.0,0.0,0.0,0.0,0.0
A000800,경남기업,20230608,1041,7990.0,7990.0,7990.0,7990.0,0.0,11.0,87000.0,0.0,0.0,0.0,0.0,0.0,0.0,0.0,0.0,0,0.0,0.0,0.0,0.0,0.0,0.0,0.0
A000800,경남기업,20230607,1441,7000.0,7000.0,7000.0,7000.0,0.0,3.0,21000.0,0.0,0.0,0.0,0.0,0.0,0.0,0.0,0.0,0,0.0,0.0,0.0,0.0,0.0,0.0,0.0
A000800,경남기업,20230607,1440,7000.0,7000.0,7000.0,7000.0,0.0,3.0,21000.0,0.0,0.0,0.0,0.0,0.0,0.0,0.0,0.0,0,0.0,0.0,0.0,0.0,0.0,0.0,0.0
A000800,경남기업,20230607,914,7500.0,7500.0,7500.0,7500.0,0.0,5.0,37000.0,0.0,0.0,0.0,0.0,0.0,0.0,0.0,0.0,0,0.0,0.0,0.0,0.0,0.0,0.0,0.0
A000800,경남기업,20230609,1521,6050.0,6050.0,6050.0,6050.0,0.0,1.0,6000.0,0.0,0.0,0.0,0.0,0.0,0.0,0.0,0.0,0,0.0,0.0,0.0,0.0,0.0,0.0,0.0
A000800,경남기업,20230612,1137,7000.0,7000.0,7000.0,7000.0,0.0,12.0,84000.0,0.0,0.0,0.0,0.0,0.0,0.0,0.0,0.0,0,0.0,0.0,0.0,0.0,0.0,0.0,0.0
A000800,경남기업,20230612,1125,7780.0,7780.0,7780.0,7780.0,0.0,1.0,7000.0,0.0,0.0,0.0,0.0,0.0,0.0,0.0,0.0,0,0.0,0.0,0.0,0.0,0.0,0.0,0.0
A000800,경남기업,20230614,1524,6060.0,6060.0,6060.0,6060.0,0.0,1.0,6000.0,0.0,0.0,0.0,0.0,0.0,0.0,0.0,0.0,0,0.0,0.0,0.0,0.0,0.0,0.0,0.0
A000800,경남기업,20230614,1347,7000.0,7150.0,7000.0,7150.0,0.0,6.0,42000.0,0.0,0.0,0.0,0.0,0.0,0.0,0.0,0.0,0,0.0,0.0,0.0,0.0,0.0,0.0,0.0
A000800,경남기업,20230613,1211,5500.0,5500.0,5500.0,5500.0,0.0,1.0,5000.0,0.0,0.0,0.0,0.0,0.0,0.0,0.0,0.0,0,0.0,0.0,0.0,0.0,0.0,0.0,0.0
A000800,경남기업,20230620,1523,5510.0,5510.0,5510.0,5510.0,0.0,1.0,6000.0,0.0,0.0,0.0,0.0,0.0,0.0,0.0,0.0,0,0.0,0.0,0.0,0.0,0.0,0.0,0.0
A000800,경남기업,20230620,1048,6880.0,6880.0,6880.0,6880.0,0.0,3.0,20000.0,0.0,0.0,0.0,0.0,0.0,0.0,0.0,0.0,0,0.0,0.0,0.0,0.0,0.0,0.0,0.0
